ctime,schemaname,relname,seq_scan,seq_tup_read,idx_scan,idx_tup_fetch,n_tup_ins,n_tup_upd,n_tup_del,n_tup_hot_upd,n_live_tup,n_dead_tup,heap_blks_read,heap_blks_hit,idx_blks_read,idx_blks_hit,toast_blks_read,toast_blks_hit,tidx_blks_read,tidx_blks_hit
1430776636.84952,pg_catalog,pg_operator,3,2295,262,1616,0,0,0,0,765,0,42,1117,20,585,,,,
1430776636.84952,pg_catalog,pg_extension,3,3,0,0,0,0,0,0,1,0,2,2,0,0,,,,
1430776636.84952,pg_catalog,pg_authid,640,640,13925,13925,0,0,0,0,1,0,199,14388,666,27184,,,,
1430776636.84952,pg_catalog,pg_statistic,2,798,1214,1035,92,399,0,180,92,297,58,2008,13,3084,32,291,4,249
1430776636.84952,pg_catalog,pg_opfamily,3,258,0,0,0,0,0,0,86,0,4,4,0,0,,,,
1430776636.84952,public,new_order,4,36000,0,0,9004,0,0,0,9004,0,101,293,5,9,,,,
1430776636.84952,pg_catalog,pg_shdescription,48,141,22,0,0,0,0,0,3,0,45,25,45,0,0,0,0,0
1430776636.84952,pg_catalog,pg_event_trigger,3,0,27,0,0,0,0,0,0,0,0,0,2,25,,,,
1430776636.84952,pg_catalog,pg_user_mapping,3,0,0,0,0,0,0,0,0,0,0,0,0,0,,,,
1430776636.84952,pg_catalog,pg_inherits,3,0,84,0,0,0,0,0,0,0,0,0,2,82,,,,
1430776636.84952,pg_toast,pg_toast_3596,0,0,0,0,0,0,0,0,0,0,0,0,0,0,,,,
1430776636.84952,pg_catalog,pg_rewrite,3,327,2,2,0,0,0,0,109,0,23,23,2,2,45,39,8,122
1430776636.84952,pg_catalog,pg_foreign_data_wrapper,3,0,0,0,0,0,0,0,0,0,0,0,0,0,,,,
1430776636.84952,pg_catalog,pg_largeobject_metadata,2,0,0,0,0,0,0,0,0,0,0,0,0,0,,,,
1430776636.84952,pg_catalog,pg_opclass,7,388,367,4835,0,0,0,0,128,0,9,1718,12,464,,,,
1430776636.84952,pg_catalog,pg_attrdef,3,0,0,0,0,0,0,0,0,0,0,0,0,0,0,0,0,0
1430776636.84952,pg_catalog,pg_default_acl,3,0,59,0,0,0,0,0,0,0,0,0,2,57,,,,
1430776636.84952,public,orders,6,180000,1,1,30004,0,0,0,30004,0,488,1935,11,21,,,,
1430776636.84952,pg_catalog,pg_aggregate,2,266,2,2,0,0,0,0,133,0,5,3,2,2,,,,
1430776636.84952,pg_toast,pg_toast_12329,0,0,0,0,0,0,0,0,0,0,0,0,0,0,,,,
1430776636.84952,pg_catalog,pg_ts_dict,3,48,0,0,0,0,0,0,16,0,2,2,0,0,,,,
1430776636.84952,pg_catalog,pg_index,20,512,1017,1253,27,0,17,0,123,17,13,1111,12,1213,,,,
1430776636.84952,public,warehouse,23,20,0,0,1,6,0,6,1,6,3,25,1,10,,,,
1430776636.84952,public,stock,4,400000,94,94,100000,47,0,0,100000,47,19867,15108,43,387,,,,
1430776636.84952,pg_catalog,pg_tablespace,135,270,5295,5295,0,0,0,0,2,0,155,5297,297,10353,,,,
1430776636.84952,pg_toast,pg_toast_2619,0,0,165,443,70,0,9,0,61,9,32,291,4,249,,,,
1430776636.84952,pg_catalog,pg_constraint,5,50,8,0,8,0,0,0,10,0,6,33,8,64,0,0,0,0
1430776636.84952,pg_toast,pg_toast_2618,0,0,62,193,0,0,0,0,0,0,45,39,4,61,,,,
1430776636.84952,pg_catalog,pg_cast,3,594,1880,375,0,0,0,0,198,0,6,377,6,1911,,,,
1430776636.84952,public,district,30,240,0,0,10,10,0,10,10,10,3,37,1,13,,,,
1430776636.84952,public,order_line,4,1138512,1,14,284675,0,0,0,284675,0,8501,19663,9,143,,,,
1430776636.84952,pg_catalog,pg_ts_config,3,48,0,0,0,0,0,0,16,0,2,2,0,0,,,,
1430776636.84952,pg_catalog,pg_ts_parser,3,3,0,0,0,0,0,0,1,0,2,2,0,0,,,,
1430776636.84952,pg_toast,pg_toast_2620,0,0,0,0,0,0,0,0,0,0,0,0,0,0,,,,
1430776636.84952,pg_toast,pg_toast_2396,0,0,0,0,0,0,0,0,0,0,0,0,0,0,,,,
1430776636.84952,pg_catalog,pg_largeobject,2,0,0,0,0,0,0,0,0,0,0,0,0,0,,,,
1430776636.84952,pg_catalog,pg_enum,4,0,0,0,0,0,0,0,0,0,0,0,0,0,,,,
1430776636.84952,pg_catalog,pg_foreign_table,2,0,0,0,0,0,0,0,0,0,0,0,0,0,,,,
1430776636.84952,public,customer,6,180000,22,55,30000,6,0,0,30000,6,4783,18466,22,90,,,,
1430776636.84952,pg_catalog,pg_collation,3,1806,0,0,0,0,0,0,602,0,38,38,0,0,,,,
1430776636.84952,pg_catalog,pg_am,100,112,0,0,0,0,0,0,5,0,3,98,0,0,,,,
1430776636.84952,pg_catalog,pg_proc,3,8073,271,309,6,0,0,0,2691,0,158,448,28,622,0,0,0,0
1430776636.84952,pg_catalog,pg_shdepend,66,66,7482,1871,0,0,0,0,1,0,45,1914,180,7788,,,,
1430776636.84952,pg_catalog,pg_language,4,16,10,10,0,0,0,0,4,0,2,13,4,18,,,,
1430776636.84952,pg_catalog,pg_range,2,12,2,0,0,0,0,0,6,0,2,1,2,2,,,,
1430776636.84952,pg_catalog,pg_attribute,26,7756,2662,9731,1401,20,1219,3,2491,1216,141,6123,35,11097,,,,
1430776636.84952,pg_catalog,pg_database,2548,9812,77880,77834,23,0,22,0,4,0,119,80374,858,94473,,,,
1430776636.84952,pg_catalog,pg_conversion,4,528,0,0,0,0,0,0,132,0,6,9,0,0,,,,
1430776636.84952,pg_catalog,pg_type,3,1093,1435,1076,173,0,151,0,361,151,26,1450,20,3488,,,,
1430776636.84952,pg_catalog,pg_trigger,4,0,0,0,0,0,0,0,0,0,0,0,0,0,0,0,0,0
1430776636.84952,information_schema,sql_implementation_info,1,12,,,0,0,0,0,12,0,2,0,,,0,0,0,0
1430776636.84952,information_schema,sql_languages,1,4,,,0,0,0,0,4,0,2,0,,,0,0,0,0
1430776636.84952,pg_toast,pg_toast_12309,0,0,0,0,0,0,0,0,0,0,0,0,0,0,,,,
1430776636.84952,pg_toast,pg_toast_12334,0,0,0,0,0,0,0,0,0,0,0,0,0,0,,,,
1430776636.84952,pg_catalog,pg_amop,4,1744,265,341,0,0,0,0,436,0,12,349,21,591,,,,
1430776636.84952,pg_toast,pg_toast_1255,0,0,0,0,0,0,0,0,0,0,0,0,0,0,,,,
1430776636.84952,pg_toast,pg_toast_12314,0,0,0,0,0,0,0,0,0,0,0,0,0,0,,,,
1430776636.84952,pg_toast,pg_toast_12324,0,0,0,0,0,0,0,0,0,0,0,0,0,0,,,,
1430776636.84952,pg_catalog,pg_amproc,7,1040,259,421,0,0,0,0,344,0,9,263,9,595,,,,
1430776636.84952,pg_toast,pg_toast_2964,0,0,0,0,0,0,0,0,0,0,0,0,0,0,,,,
1430776636.84952,pg_catalog,pg_ts_template,3,15,0,0,0,0,0,0,5,0,2,2,0,0,,,,
1430776636.84952,pg_catalog,pg_db_role_setting,66,0,34852,0,0,0,0,0,0,0,0,0,205,34647,0,0,0,0
1430776636.84952,pg_toast,pg_toast_2609,0,0,0,0,0,0,0,0,0,0,0,0,0,0,,,,
1430776636.84952,information_schema,sql_parts,1,9,,,0,0,0,0,9,0,2,0,,,0,0,0,0
1430776636.84952,public,history,1,30000,,,30006,0,0,0,30006,0,647,967,,,,,,
1430776636.84952,pg_catalog,pg_class,42,2922,3100,2748,122,324,101,69,316,361,29,4343,33,7854,,,,
1430776636.84952,pg_catalog,pg_seclabel,2,0,252,0,0,0,0,0,0,0,0,0,2,250,0,0,0,0
1430776636.84952,pg_catalog,pg_ts_config_map,2,608,0,0,0,0,0,0,304,0,4,2,0,0,,,,
1430776636.84952,information_schema,sql_sizing,1,23,,,0,0,0,0,23,0,2,0,,,0,0,0,0
1430776636.84952,pg_toast,pg_toast_12339,0,0,0,0,0,0,0,0,0,0,0,0,0,0,,,,
1430776636.84952,information_schema,sql_packages,1,10,,,0,0,0,0,10,0,2,0,,,0,0,0,0
1430776636.84952,public,item,4,400000,47,47,100000,0,0,0,100000,0,2607,7806,41,58,,,,
1430776636.84952,pg_toast,pg_toast_2606,0,0,0,0,0,0,0,0,0,0,0,0,0,0,,,,
1430776636.84952,pg_catalog,pg_pltemplate,44,352,0,0,0,0,0,0,8,0,44,22,0,0,,,,
1430776636.84952,pg_catalog,pg_auth_members,66,0,0,0,0,0,0,0,0,0,0,0,0,0,,,,
1430776636.84952,pg_catalog,pg_depend,3,20120,2731,2507,348,0,256,0,6672,256,103,3172,39,6884,,,,
1430776636.84952,pg_toast,pg_toast_2604,0,0,0,0,0,0,0,0,0,0,0,0,0,0,,,,
1430776636.84952,pg_catalog,pg_shseclabel,44,0,22,0,0,0,0,0,0,0,0,0,22,0,,,,
1430776636.84952,information_schema,sql_features,1,672,,,0,0,0,0,672,0,14,0,,,0,0,0,0
1430776636.84952,pg_toast,pg_toast_12319,0,0,0,0,0,0,0,0,0,0,0,0,0,0,,,,
1430776636.84952,pg_catalog,pg_description,2,7372,252,0,0,0,0,0,3686,0,64,32,6,501,0,0,0,0
1430776636.84952,pg_catalog,pg_namespace,5,30,200,120,0,0,0,0,6,0,3,123,11,284,,,,
1430776636.84952,information_schema,sql_sizing_profiles,1,0,,,0,0,0,0,0,0,0,0,,,0,0,0,0
1430776636.84952,pg_catalog,pg_foreign_server,3,0,0,0,0,0,0,0,0,0,0,0,0,0,,,,
1430776696.86978,pg_catalog,pg_operator,3,2295,509,2919,0,0,0,0,765,0,42,2066,20,1102,,,,
1430776696.86978,pg_catalog,pg_extension,3,3,0,0,0,0,0,0,1,0,2,2,0,0,,,,
1430776696.86978,pg_catalog,pg_authid,643,643,14026,14026,0,0,0,0,1,0,200,14491,670,27382,,,,
1430776696.86978,pg_catalog,pg_statistic,2,798,2544,2359,92,557,0,222,491,168,89,3847,13,5999,47,921,4,670
1430776696.86978,pg_catalog,pg_opfamily,3,258,0,0,0,0,0,0,86,0,4,4,0,0,,,,
1430776696.86978,public,new_order,4,36000,58760,55828,42022,0,26180,0,15519,16504,269,230198,260,327086,,,,
1430776696.86978,pg_catalog,pg_shdescription,48,141,22,0,0,0,0,0,3,0,45,25,45,0,0,0,0,0
1430776696.86978,pg_catalog,pg_event_trigger,3,0,27,0,0,0,0,0,0,0,0,0,2,25,,,,
1430776696.86978,pg_catalog,pg_user_mapping,3,0,0,0,0,0,0,0,0,0,0,0,0,0,,,,
1430776696.86978,pg_catalog,pg_inherits,3,0,84,0,0,0,0,0,0,0,0,0,2,82,,,,
1430776696.86978,pg_toast,pg_toast_3596,0,0,0,0,0,0,0,0,0,0,0,0,0,0,,,,
1430776696.86978,pg_catalog,pg_rewrite,3,327,9,9,0,0,0,0,109,0,27,26,2,14,51,40,8,138
1430776696.86978,pg_catalog,pg_foreign_data_wrapper,3,0,0,0,0,0,0,0,0,0,0,0,0,0,,,,
1430776696.86978,pg_catalog,pg_largeobject_metadata,2,0,0,0,0,0,0,0,0,0,0,0,0,0,,,,
1430776696.86978,pg_catalog,pg_opclass,9,390,517,7308,0,0,0,0,128,0,9,2610,12,628,,,,
1430776696.86978,pg_catalog,pg_attrdef,3,0,0,0,0,0,0,0,0,0,0,0,0,0,0,0,0,0
1430776696.86978,pg_catalog,pg_default_acl,3,0,59,0,0,0,0,0,0,0,0,0,2,57,,,,
1430776696.86978,public,orders,6,180000,61752,68192,63022,29380,0,23567,62769,6514,1032,147207,687,327149,,,,
1430776696.86978,pg_catalog,pg_aggregate,2,266,23,23,0,0,0,0,133,0,5,24,2,34,,,,
1430776696.86978,pg_toast,pg_toast_12329,0,0,0,0,0,0,0,0,0,0,0,0,0,0,,,,
1430776696.86978,pg_catalog,pg_ts_dict,3,48,0,0,0,0,0,0,16,0,2,2,0,0,,,,
1430776696.86978,pg_catalog,pg_index,32,1134,1336,1618,27,0,17,0,123,17,13,1456,12,1546,,,,
1430776696.86978,public,warehouse,40618,30612,65544,65544,1,31565,0,31000,1,658,62,1153088,2,66131,,,,
1430776696.86978,public,stock,4,400000,765466,696782,100000,346791,0,0,99255,232703,25493,1130601,766,3344921,,,,
1430776696.86978,pg_catalog,pg_tablespace,135,270,5340,5340,0,0,0,0,2,0,156,5341,300,10442,,,,
1430776696.86978,pg_toast,pg_toast_2619,0,0,522,1441,131,0,66,0,65,66,47,921,4,670,,,,
1430776696.86978,pg_catalog,pg_constraint,5,50,8,0,8,0,0,0,10,0,6,33,8,64,0,0,0,0
1430776696.86978,pg_toast,pg_toast_2618,0,0,67,209,0,0,0,0,0,0,51,40,4,69,,,,
1430776696.86978,pg_catalog,pg_cast,3,594,3151,589,0,0,0,0,198,0,6,591,6,3190,,,,
1430776696.86978,public,district,83697,768450,58459,58459,10,64587,0,64434,10,153,60,1177552,2,58627,,,,
1430776696.86978,public,order_line,4,1138512,64730,698430,631419,298386,0,175031,613386,84457,18363,1310977,3992,1617731,,,,
1430776696.86978,pg_catalog,pg_ts_config,3,48,0,0,0,0,0,0,16,0,2,2,0,0,,,,
1430776696.86978,pg_catalog,pg_ts_parser,3,3,0,0,0,0,0,0,1,0,2,2,0,0,,,,
1430776696.86978,pg_toast,pg_toast_2620,0,0,0,0,0,0,0,0,0,0,0,0,0,0,,,,
1430776696.86978,pg_toast,pg_toast_2396,0,0,0,0,0,0,0,0,0,0,0,0,0,0,,,,
1430776696.86978,pg_catalog,pg_largeobject,2,0,0,0,0,0,0,0,0,0,0,0,0,0,,,,
1430776696.86978,pg_catalog,pg_enum,4,0,0,0,0,0,0,0,0,0,0,0,0,0,,,,
1430776696.86978,pg_catalog,pg_foreign_table,2,0,0,0,0,0,0,0,0,0,0,0,0,0,,,,
1430776696.86978,public,customer,6,180000,149279,377507,30000,60945,0,55488,30003,7016,7462,477136,379,348993,,,,
1430776696.86978,pg_catalog,pg_collation,3,1806,0,0,0,0,0,0,602,0,38,38,0,0,,,,
1430776696.86978,pg_catalog,pg_am,106,118,0,0,0,0,0,0,5,0,3,104,0,0,,,,
1430776696.86978,pg_catalog,pg_proc,3,8073,647,828,6,0,0,0,2691,0,168,857,33,1389,0,0,0,0
1430776696.86978,pg_catalog,pg_shdepend,66,66,7482,1871,0,0,0,0,1,0,45,1914,180,7788,,,,
1430776696.86978,pg_catalog,pg_language,4,16,10,10,0,0,0,0,4,0,2,13,4,18,,,,
1430776696.86978,pg_catalog,pg_range,2,12,2,0,0,0,0,0,6,0,2,1,2,2,,,,
1430776696.86978,pg_catalog,pg_attribute,37,7831,3813,13368,1401,20,1219,3,2491,0,193,7765,57,13460,,,,
1430776696.86978,pg_catalog,pg_database,2552,9822,78048,78002,23,0,22,0,4,0,119,80546,862,94740,,,,
1430776696.86978,pg_catalog,pg_conversion,4,528,0,0,0,0,0,0,132,0,6,9,0,0,,,,
1430776696.86978,pg_catalog,pg_type,3,1093,1701,1342,173,0,151,0,361,0,34,1743,25,4030,,,,
1430776696.86978,pg_catalog,pg_trigger,4,0,0,0,0,0,0,0,0,0,0,0,0,0,0,0,0,0
1430776696.86978,information_schema,sql_implementation_info,1,12,,,0,0,0,0,12,0,2,0,,,0,0,0,0
1430776696.86978,information_schema,sql_languages,1,4,,,0,0,0,0,4,0,2,0,,,0,0,0,0
1430776696.86978,pg_toast,pg_toast_12309,0,0,0,0,0,0,0,0,0,0,0,0,0,0,,,,
1430776696.86978,pg_toast,pg_toast_12334,0,0,0,0,0,0,0,0,0,0,0,0,0,0,,,,
1430776696.86978,pg_catalog,pg_amop,4,1744,483,610,0,0,0,0,436,0,12,618,23,1039,,,,
1430776696.86978,pg_toast,pg_toast_1255,0,0,0,0,0,0,0,0,0,0,0,0,0,0,,,,
1430776696.86978,pg_toast,pg_toast_12314,0,0,0,0,0,0,0,0,0,0,0,0,0,0,,,,
1430776696.86978,pg_toast,pg_toast_12324,0,0,0,0,0,0,0,0,0,0,0,0,0,0,,,,
1430776696.86978,pg_catalog,pg_amproc,9,1044,357,546,0,0,0,0,344,0,9,361,9,797,,,,
1430776696.86978,pg_toast,pg_toast_2964,0,0,0,0,0,0,0,0,0,0,0,0,0,0,,,,
1430776696.86978,pg_catalog,pg_ts_template,3,15,0,0,0,0,0,0,5,0,2,2,0,0,,,,
1430776696.86978,pg_catalog,pg_db_role_setting,66,0,35060,0,0,0,0,0,0,0,0,0,206,34854,0,0,0,0
1430776696.86978,pg_toast,pg_toast_2609,0,0,0,0,0,0,0,0,0,0,0,0,0,0,,,,
1430776696.86978,information_schema,sql_parts,1,9,,,0,0,0,0,9,0,2,0,,,0,0,0,0
1430776696.86978,public,history,1,30000,,,61565,0,0,0,61600,0,1339,33414,,,,,,
1430776696.86978,pg_catalog,pg_class,67,5798,4254,3847,122,324,101,69,316,0,33,5662,34,9264,,,,
1430776696.86978,pg_catalog,pg_seclabel,2,0,252,0,0,0,0,0,0,0,0,0,2,250,0,0,0,0
1430776696.86978,pg_catalog,pg_ts_config_map,2,608,0,0,0,0,0,0,304,0,4,2,0,0,,,,
1430776696.86978,information_schema,sql_sizing,1,23,,,0,0,0,0,23,0,2,0,,,0,0,0,0
1430776696.86978,pg_toast,pg_toast_12339,0,0,0,0,0,0,0,0,0,0,0,0,0,0,,,,
1430776696.86978,information_schema,sql_packages,1,10,,,0,0,0,0,10,0,2,0,,,0,0,0,0
1430776696.86978,public,item,4,400000,347151,346791,100000,0,0,0,100000,0,3844,353313,276,695703,,,,
1430776696.86978,pg_toast,pg_toast_2606,0,0,0,0,0,0,0,0,0,0,0,0,0,0,,,,
1430776696.86978,pg_catalog,pg_pltemplate,44,352,0,0,0,0,0,0,8,0,44,22,0,0,,,,
1430776696.86978,pg_catalog,pg_auth_members,66,0,0,0,0,0,0,0,0,0,0,0,0,0,,,,
1430776696.86978,pg_catalog,pg_depend,3,20120,2731,2507,348,0,256,0,6672,256,103,3172,39,6884,,,,
1430776696.86978,pg_toast,pg_toast_2604,0,0,0,0,0,0,0,0,0,0,0,0,0,0,,,,
1430776696.86978,pg_catalog,pg_shseclabel,44,0,22,0,0,0,0,0,0,0,0,0,22,0,,,,
1430776696.86978,information_schema,sql_features,1,672,,,0,0,0,0,672,0,14,0,,,0,0,0,0
1430776696.86978,pg_toast,pg_toast_12319,0,0,0,0,0,0,0,0,0,0,0,0,0,0,,,,
1430776696.86978,pg_catalog,pg_description,2,7372,252,0,0,0,0,0,3686,0,64,32,6,501,0,0,0,0
1430776696.86978,pg_catalog,pg_namespace,7,42,346,259,0,0,0,0,6,0,3,264,12,439,,,,
1430776696.86978,information_schema,sql_sizing_profiles,1,0,,,0,0,0,0,0,0,0,0,,,0,0,0,0
1430776696.86978,pg_catalog,pg_foreign_server,3,0,0,0,0,0,0,0,0,0,0,0,0,0,,,,
1430776756.87832,pg_catalog,pg_operator,3,2295,532,2942,0,0,0,0,765,0,42,2089,20,1157,,,,
1430776756.87832,pg_catalog,pg_extension,3,3,0,0,0,0,0,0,1,0,2,2,0,0,,,,
1430776756.87832,pg_catalog,pg_authid,644,644,14037,14037,0,0,0,0,1,0,200,14503,670,27404,,,,
1430776756.87832,pg_catalog,pg_statistic,2,798,3347,3156,92,635,0,261,491,69,101,4891,13,7704,62,1487,4,957
1430776756.87832,pg_catalog,pg_opfamily,3,258,0,0,0,0,0,0,86,0,4,4,0,0,,,,
1430776756.87832,public,new_order,4,36000,117820,111642,74970,0,52200,0,22106,14119,354,505735,454,896087,,,,
1430776756.87832,pg_catalog,pg_shdescription,48,141,22,0,0,0,0,0,3,0,45,25,45,0,0,0,0,0
1430776756.87832,pg_catalog,pg_event_trigger,3,0,27,0,0,0,0,0,0,0,0,0,2,25,,,,
1430776756.87832,pg_catalog,pg_user_mapping,3,0,0,0,0,0,0,0,0,0,0,0,0,0,,,,
1430776756.87832,pg_catalog,pg_inherits,3,0,84,0,0,0,0,0,0,0,0,0,2,82,,,,
1430776756.87832,pg_toast,pg_toast_3596,0,0,0,0,0,0,0,0,0,0,0,0,0,0,,,,
1430776756.87832,pg_catalog,pg_rewrite,3,327,16,16,0,0,0,0,109,0,27,33,2,26,51,47,8,154
1430776756.87832,pg_catalog,pg_foreign_data_wrapper,3,0,0,0,0,0,0,0,0,0,0,0,0,0,,,,
1430776756.87832,pg_catalog,pg_largeobject_metadata,2,0,0,0,0,0,0,0,0,0,0,0,0,0,,,,
1430776756.87832,pg_catalog,pg_opclass,11,392,563,7779,0,0,0,0,128,0,9,2782,12,686,,,,
1430776756.87832,pg_catalog,pg_attrdef,3,0,0,0,0,0,0,0,0,0,0,0,0,0,0,0,0,0
1430776756.87832,pg_catalog,pg_default_acl,3,0,59,0,0,0,0,0,0,0,0,0,2,57,,,,
1430776756.87832,public,orders,6,180000,123801,150860,95970,58910,0,47702,95325,2338,1308,310196,1081,745849,,,,
1430776756.87832,pg_catalog,pg_aggregate,2,266,24,24,0,0,0,0,133,0,5,25,2,36,,,,
1430776756.87832,pg_toast,pg_toast_12329,0,0,0,0,0,0,0,0,0,0,0,0,0,0,,,,
1430776756.87832,pg_catalog,pg_ts_dict,3,48,0,0,0,0,0,0,16,0,2,2,0,0,,,,
1430776756.87832,pg_catalog,pg_index,44,1756,1596,1934,27,0,17,0,123,17,13,1741,12,1820,,,,
1430776756.87832,public,warehouse,40618,30612,162138,162138,1,63388,0,62225,1,732,86,1820253,2,163334,,,,
1430776756.87832,public,stock,4,400000,1517321,1389934,100000,691921,0,0,99536,210444,25824,2245557,778,6643838,,,,
1430776756.87832,pg_catalog,pg_tablespace,135,270,5345,5345,0,0,0,0,2,0,156,5346,300,10452,,,,
1430776756.87832,pg_toast,pg_toast_2619,0,0,750,2101,187,0,126,0,66,60,62,1487,4,957,,,,
1430776756.87832,pg_catalog,pg_constraint,5,50,8,0,8,0,0,0,10,0,6,33,8,64,0,0,0,0
1430776756.87832,pg_toast,pg_toast_2618,0,0,72,225,0,0,0,0,0,0,51,47,4,77,,,,
1430776756.87832,pg_catalog,pg_cast,3,594,3334,637,0,0,0,0,198,0,6,639,6,3379,,,,
1430776756.87832,public,district,83697,768450,193694,193694,10,129358,0,129036,10,279,60,1494693,2,194032,,,,
1430776756.87832,public,order_line,4,1138512,129768,1411627,976549,609076,0,383021,964336,80046,23669,2551589,6738,3171952,,,,
1430776756.87832,pg_catalog,pg_ts_config,3,48,0,0,0,0,0,0,16,0,2,2,0,0,,,,
1430776756.87832,pg_catalog,pg_ts_parser,3,3,0,0,0,0,0,0,1,0,2,2,0,0,,,,
1430776756.87832,pg_toast,pg_toast_2620,0,0,0,0,0,0,0,0,0,0,0,0,0,0,,,,
1430776756.87832,pg_toast,pg_toast_2396,0,0,0,0,0,0,0,0,0,0,0,0,0,0,,,,
1430776756.87832,pg_catalog,pg_largeobject,2,0,0,0,0,0,0,0,0,0,0,0,0,0,,,,
1430776756.87832,pg_catalog,pg_enum,4,0,0,0,0,0,0,0,0,0,0,0,0,0,,,,
1430776756.87832,pg_catalog,pg_foreign_table,2,0,0,0,0,0,0,0,0,0,0,0,0,0,,,,
1430776756.87832,public,customer,6,180000,299073,738140,30000,122298,0,114888,29996,3177,7497,933179,380,682166,,,,
1430776756.87832,pg_catalog,pg_collation,3,1806,0,0,0,0,0,0,602,0,38,38,0,0,,,,
1430776756.87832,pg_catalog,pg_am,114,126,0,0,0,0,0,0,5,0,3,112,0,0,,,,
1430776756.87832,pg_catalog,pg_proc,3,8073,725,941,6,0,0,0,2691,0,168,950,33,1555,0,0,0,0
1430776756.87832,pg_catalog,pg_shdepend,66,66,7482,1871,0,0,0,0,1,0,45,1914,180,7788,,,,
1430776756.87832,pg_catalog,pg_language,4,16,10,10,0,0,0,0,4,0,2,13,4,18,,,,
1430776756.87832,pg_catalog,pg_range,2,12,2,0,0,0,0,0,6,0,2,1,2,2,,,,
1430776756.87832,pg_catalog,pg_attribute,48,7906,4446,16207,1401,20,1219,3,2491,0,193,8737,57,14737,,,,
1430776756.87832,pg_catalog,pg_database,2555,9834,78084,78038,23,0,22,0,4,0,119,80585,862,94790,,,,
1430776756.87832,pg_catalog,pg_conversion,4,528,0,0,0,0,0,0,132,0,6,9,0,0,,,,
1430776756.87832,pg_catalog,pg_type,3,1093,1800,1441,173,0,151,0,361,0,34,1842,25,4234,,,,
1430776756.87832,pg_catalog,pg_trigger,4,0,0,0,0,0,0,0,0,0,0,0,0,0,0,0,0,0
1430776756.87832,information_schema,sql_implementation_info,1,12,,,0,0,0,0,12,0,2,0,,,0,0,0,0
1430776756.87832,information_schema,sql_languages,1,4,,,0,0,0,0,4,0,2,0,,,0,0,0,0
1430776756.87832,pg_toast,pg_toast_12309,0,0,0,0,0,0,0,0,0,0,0,0,0,0,,,,
1430776756.87832,pg_toast,pg_toast_12334,0,0,0,0,0,0,0,0,0,0,0,0,0,0,,,,
1430776756.87832,pg_catalog,pg_amop,4,1744,540,676,0,0,0,0,436,0,12,684,23,1163,,,,
1430776756.87832,pg_toast,pg_toast_1255,0,0,0,0,0,0,0,0,0,0,0,0,0,0,,,,
1430776756.87832,pg_toast,pg_toast_12314,0,0,0,0,0,0,0,0,0,0,0,0,0,0,,,,
1430776756.87832,pg_toast,pg_toast_12324,0,0,0,0,0,0,0,0,0,0,0,0,0,0,,,,
1430776756.87832,pg_catalog,pg_amproc,11,1048,399,606,0,0,0,0,344,0,9,406,9,889,,,,
1430776756.87832,pg_toast,pg_toast_2964,0,0,0,0,0,0,0,0,0,0,0,0,0,0,,,,
1430776756.87832,pg_catalog,pg_ts_template,3,15,0,0,0,0,0,0,5,0,2,2,0,0,,,,
1430776756.87832,pg_catalog,pg_db_role_setting,66,0,35088,0,0,0,0,0,0,0,0,0,206,34882,0,0,0,0
1430776756.87832,pg_toast,pg_toast_2609,0,0,0,0,0,0,0,0,0,0,0,0,0,0,,,,
1430776756.87832,information_schema,sql_parts,1,9,,,0,0,0,0,9,0,2,0,,,0,0,0,0
1430776756.87832,public,history,1,30000,,,93388,0,0,0,93459,0,2024,66510,,,,,,
1430776756.87832,pg_catalog,pg_class,95,8677,5236,4706,122,324,101,69,316,0,33,6717,34,10430,,,,
1430776756.87832,pg_catalog,pg_seclabel,2,0,252,0,0,0,0,0,0,0,0,0,2,250,0,0,0,0
1430776756.87832,pg_catalog,pg_ts_config_map,2,608,0,0,0,0,0,0,304,0,4,2,0,0,,,,
1430776756.87832,information_schema,sql_sizing,1,23,,,0,0,0,0,23,0,2,0,,,0,0,0,0
1430776756.87832,pg_toast,pg_toast_12339,0,0,0,0,0,0,0,0,0,0,0,0,0,0,,,,
1430776756.87832,information_schema,sql_packages,1,10,,,0,0,0,0,10,0,2,0,,,0,0,0,0
1430776756.87832,public,item,4,400000,692590,691921,100000,0,0,0,100000,0,3845,698442,276,1388274,,,,
1430776756.87832,pg_toast,pg_toast_2606,0,0,0,0,0,0,0,0,0,0,0,0,0,0,,,,
1430776756.87832,pg_catalog,pg_pltemplate,44,352,0,0,0,0,0,0,8,0,44,22,0,0,,,,
1430776756.87832,pg_catalog,pg_auth_members,66,0,0,0,0,0,0,0,0,0,0,0,0,0,,,,
1430776756.87832,pg_catalog,pg_depend,3,20120,2731,2507,348,0,256,0,6672,256,103,3172,39,6884,,,,
1430776756.87832,pg_toast,pg_toast_2604,0,0,0,0,0,0,0,0,0,0,0,0,0,0,,,,
1430776756.87832,pg_catalog,pg_shseclabel,44,0,22,0,0,0,0,0,0,0,0,0,22,0,,,,
1430776756.87832,information_schema,sql_features,1,672,,,0,0,0,0,672,0,14,0,,,0,0,0,0
1430776756.87832,pg_toast,pg_toast_12319,0,0,0,0,0,0,0,0,0,0,0,0,0,0,,,,
1430776756.87832,pg_catalog,pg_description,2,7372,252,0,0,0,0,0,3686,0,64,32,6,501,0,0,0,0
1430776756.87832,pg_catalog,pg_namespace,9,54,487,395,0,0,0,0,6,0,3,402,12,588,,,,
1430776756.87832,information_schema,sql_sizing_profiles,1,0,,,0,0,0,0,0,0,0,0,,,0,0,0,0
1430776756.87832,pg_catalog,pg_foreign_server,3,0,0,0,0,0,0,0,0,0,0,0,0,0,,,,
1430776816.89057,pg_catalog,pg_operator,3,2295,555,2965,0,0,0,0,765,0,42,2112,20,1212,,,,
1430776816.89057,pg_catalog,pg_extension,3,3,0,0,0,0,0,0,1,0,2,2,0,0,,,,
1430776816.89057,pg_catalog,pg_authid,645,645,14048,14048,0,0,0,0,1,0,200,14515,670,27426,,,,
1430776816.89057,pg_catalog,pg_statistic,2,798,4150,3953,92,713,0,320,491,118,107,5824,13,9354,62,1943,4,1247
1430776816.89057,pg_catalog,pg_opfamily,3,258,0,0,0,0,0,0,86,0,4,4,0,0,,,,
1430776816.89057,public,new_order,4,36000,176740,167613,108121,0,78450,0,28629,16059,374,797793,547,1458539,,,,
1430776816.89057,pg_catalog,pg_shdescription,48,141,22,0,0,0,0,0,3,0,45,25,45,0,0,0,0,0
1430776816.89057,pg_catalog,pg_event_trigger,3,0,27,0,0,0,0,0,0,0,0,0,2,25,,,,
1430776816.89057,pg_catalog,pg_user_mapping,3,0,0,0,0,0,0,0,0,0,0,0,0,0,,,,
1430776816.89057,pg_catalog,pg_inherits,3,0,84,0,0,0,0,0,0,0,0,0,2,82,,,,
1430776816.89057,pg_toast,pg_toast_3596,0,0,0,0,0,0,0,0,0,0,0,0,0,0,,,,
1430776816.89057,pg_catalog,pg_rewrite,3,327,23,23,0,0,0,0,109,0,27,40,2,38,51,54,8,170
1430776816.89057,pg_catalog,pg_foreign_data_wrapper,3,0,0,0,0,0,0,0,0,0,0,0,0,0,,,,
1430776816.89057,pg_catalog,pg_largeobject_metadata,2,0,0,0,0,0,0,0,0,0,0,0,0,0,,,,
1430776816.89057,pg_catalog,pg_opclass,11,392,592,8233,0,0,0,0,128,0,9,2935,12,722,,,,
1430776816.89057,pg_catalog,pg_attrdef,3,0,0,0,0,0,0,0,0,0,0,0,0,0,0,0,0,0
1430776816.89057,pg_catalog,pg_default_acl,3,0,59,0,0,0,0,0,0,0,0,0,2,57,,,,
1430776816.89057,public,orders,6,180000,185670,247371,129121,88370,0,71606,128143,8369,1607,484144,1554,1165678,,,,
1430776816.89057,pg_catalog,pg_aggregate,2,266,25,25,0,0,0,0,133,0,5,26,2,38,,,,
1430776816.89057,pg_toast,pg_toast_12329,0,0,0,0,0,0,0,0,0,0,0,0,0,0,,,,
1430776816.89057,pg_catalog,pg_ts_dict,3,48,0,0,0,0,0,0,16,0,2,2,0,0,,,,
1430776816.89057,pg_catalog,pg_index,49,2371,1773,2145,27,0,17,0,123,17,13,1932,12,2006,,,,
1430776816.89057,public,warehouse,40618,30612,258751,258751,1,95119,0,93348,1,889,86,2488118,2,260566,,,,
1430776816.89057,public,stock,4,400000,2273891,2087958,100000,1039518,0,0,99682,227920,25909,3370672,779,9965395,,,,
1430776816.89057,pg_catalog,pg_tablespace,135,270,5350,5350,0,0,0,0,2,0,156,5351,300,10462,,,,
1430776816.89057,pg_toast,pg_toast_2619,0,0,974,2753,243,0,182,0,66,116,62,1943,4,1247,,,,
1430776816.89057,pg_catalog,pg_constraint,5,50,8,0,8,0,0,0,10,0,6,33,8,64,0,0,0,0
1430776816.89057,pg_toast,pg_toast_2618,0,0,77,241,0,0,0,0,0,0,51,54,4,85,,,,
1430776816.89057,pg_catalog,pg_cast,3,594,3517,685,0,0,0,0,198,0,6,687,6,3568,,,,
1430776816.89057,public,district,83697,768450,329274,329274,10,194240,0,193748,10,179,70,1914870,2,329793,,,,
1430776816.89057,public,order_line,4,1138512,194623,2120222,1324146,917625,0,579125,1296374,240118,29877,3804362,9273,4757574,,,,
1430776816.89057,pg_catalog,pg_ts_config,3,48,0,0,0,0,0,0,16,0,2,2,0,0,,,,
1430776816.89057,pg_catalog,pg_ts_parser,3,3,0,0,0,0,0,0,1,0,2,2,0,0,,,,
1430776816.89057,pg_toast,pg_toast_2620,0,0,0,0,0,0,0,0,0,0,0,0,0,0,,,,
1430776816.89057,pg_toast,pg_toast_2396,0,0,0,0,0,0,0,0,0,0,0,0,0,0,,,,
1430776816.89057,pg_catalog,pg_largeobject,2,0,0,0,0,0,0,0,0,0,0,0,0,0,,,,
1430776816.89057,pg_catalog,pg_enum,4,0,0,0,0,0,0,0,0,0,0,0,0,0,,,,
1430776816.89057,pg_catalog,pg_foreign_table,2,0,0,0,0,0,0,0,0,0,0,0,0,0,,,,
1430776816.89057,public,customer,6,180000,448855,1120512,30000,183489,0,173647,29999,5698,7497,1412650,388,1017372,,,,
1430776816.89057,pg_catalog,pg_collation,3,1806,0,0,0,0,0,0,602,0,38,38,0,0,,,,
1430776816.89057,pg_catalog,pg_am,117,129,0,0,0,0,0,0,5,0,3,115,0,0,,,,
1430776816.89057,pg_catalog,pg_proc,3,8073,803,1054,6,0,0,0,2691,0,168,1043,33,1721,0,0,0,0
1430776816.89057,pg_catalog,pg_shdepend,66,66,7482,1871,0,0,0,0,1,0,45,1914,180,7788,,,,
1430776816.89057,pg_catalog,pg_language,4,16,10,10,0,0,0,0,4,0,2,13,4,18,,,,
1430776816.89057,pg_catalog,pg_range,2,12,2,0,0,0,0,0,6,0,2,1,2,2,,,,
1430776816.89057,pg_catalog,pg_attribute,48,7906,4970,18331,1401,20,1219,3,2491,0,193,9416,57,15790,,,,
1430776816.89057,pg_catalog,pg_database,2558,9846,78122,78076,23,0,22,0,4,0,119,80626,862,94842,,,,
1430776816.89057,pg_catalog,pg_conversion,4,528,0,0,0,0,0,0,132,0,6,9,0,0,,,,
1430776816.89057,pg_catalog,pg_type,3,1093,1899,1540,173,0,151,0,361,0,34,1941,25,4438,,,,
1430776816.89057,pg_catalog,pg_trigger,4,0,0,0,0,0,0,0,0,0,0,0,0,0,0,0,0,0
1430776816.89057,information_schema,sql_implementation_info,1,12,,,0,0,0,0,12,0,2,0,,,0,0,0,0
1430776816.89057,information_schema,sql_languages,1,4,,,0,0,0,0,4,0,2,0,,,0,0,0,0
1430776816.89057,pg_toast,pg_toast_12309,0,0,0,0,0,0,0,0,0,0,0,0,0,0,,,,
1430776816.89057,pg_toast,pg_toast_12334,0,0,0,0,0,0,0,0,0,0,0,0,0,0,,,,
1430776816.89057,pg_catalog,pg_amop,4,1744,597,742,0,0,0,0,436,0,12,750,23,1287,,,,
1430776816.89057,pg_toast,pg_toast_1255,0,0,0,0,0,0,0,0,0,0,0,0,0,0,,,,
1430776816.89057,pg_toast,pg_toast_12314,0,0,0,0,0,0,0,0,0,0,0,0,0,0,,,,
1430776816.89057,pg_toast,pg_toast_12324,0,0,0,0,0,0,0,0,0,0,0,0,0,0,,,,
1430776816.89057,pg_catalog,pg_amproc,11,1048,424,636,0,0,0,0,344,0,9,428,9,942,,,,
1430776816.89057,pg_toast,pg_toast_2964,0,0,0,0,0,0,0,0,0,0,0,0,0,0,,,,
1430776816.89057,pg_catalog,pg_ts_template,3,15,0,0,0,0,0,0,5,0,2,2,0,0,,,,
1430776816.89057,pg_catalog,pg_db_role_setting,66,0,35116,0,0,0,0,0,0,0,0,0,206,34910,0,0,0,0
1430776816.89057,pg_toast,pg_toast_2609,0,0,0,0,0,0,0,0,0,0,0,0,0,0,,,,
1430776816.89057,information_schema,sql_parts,1,9,,,0,0,0,0,9,0,2,0,,,0,0,0,0
1430776816.89057,public,history,1,30000,,,125119,0,0,0,125180,0,2711,99862,,,,,,
1430776816.89057,pg_catalog,pg_class,105,11538,6044,5391,122,324,101,69,316,0,33,7504,34,11376,,,,
1430776816.89057,pg_catalog,pg_seclabel,2,0,252,0,0,0,0,0,0,0,0,0,2,250,0,0,0,0
1430776816.89057,pg_catalog,pg_ts_config_map,2,608,0,0,0,0,0,0,304,0,4,2,0,0,,,,
1430776816.89057,information_schema,sql_sizing,1,23,,,0,0,0,0,23,0,2,0,,,0,0,0,0
1430776816.89057,pg_toast,pg_toast_12339,0,0,0,0,0,0,0,0,0,0,0,0,0,0,,,,
1430776816.89057,information_schema,sql_packages,1,10,,,0,0,0,0,10,0,2,0,,,0,0,0,0
1430776816.89057,public,item,4,400000,1040532,1039518,100000,0,0,0,100000,0,3845,1046039,276,2085761,,,,
1430776816.89057,pg_toast,pg_toast_2606,0,0,0,0,0,0,0,0,0,0,0,0,0,0,,,,
1430776816.89057,pg_catalog,pg_pltemplate,44,352,0,0,0,0,0,0,8,0,44,22,0,0,,,,
1430776816.89057,pg_catalog,pg_auth_members,66,0,0,0,0,0,0,0,0,0,0,0,0,0,,,,
1430776816.89057,pg_catalog,pg_depend,3,20120,2731,2507,348,0,256,0,6672,256,103,3172,39,6884,,,,
1430776816.89057,pg_toast,pg_toast_2604,0,0,0,0,0,0,0,0,0,0,0,0,0,0,,,,
1430776816.89057,pg_catalog,pg_shseclabel,44,0,22,0,0,0,0,0,0,0,0,0,22,0,,,,
1430776816.89057,information_schema,sql_features,1,672,,,0,0,0,0,672,0,14,0,,,0,0,0,0
1430776816.89057,pg_toast,pg_toast_12319,0,0,0,0,0,0,0,0,0,0,0,0,0,0,,,,
1430776816.89057,pg_catalog,pg_description,2,7372,252,0,0,0,0,0,3686,0,64,32,6,501,0,0,0,0
1430776816.89057,pg_catalog,pg_namespace,11,66,626,529,0,0,0,0,6,0,3,538,12,735,,,,
1430776816.89057,information_schema,sql_sizing_profiles,1,0,,,0,0,0,0,0,0,0,0,,,0,0,0,0
1430776816.89057,pg_catalog,pg_foreign_server,3,0,0,0,0,0,0,0,0,0,0,0,0,0,,,,
1430776876.88465,pg_catalog,pg_operator,3,2295,579,2989,0,0,0,0,765,0,42,2136,20,1270,,,,
1430776876.88465,pg_catalog,pg_extension,3,3,0,0,0,0,0,0,1,0,2,2,0,0,,,,
1430776876.88465,pg_catalog,pg_authid,646,646,14059,14059,0,0,0,0,1,0,200,14527,670,27448,,,,
1430776876.88465,pg_catalog,pg_statistic,2,798,4957,4752,92,791,0,388,491,146,108,6744,13,10995,62,2534,4,1529
1430776876.88465,pg_catalog,pg_opfamily,3,258,0,0,0,0,0,0,86,0,4,4,0,0,,,,
1430776876.88465,public,new_order,4,36000,233640,221280,140658,0,103450,0,35861,10648,447,1091335,619,2069848,,,,
1430776876.88465,pg_catalog,pg_shdescription,48,141,22,0,0,0,0,0,3,0,45,25,45,0,0,0,0,0
1430776876.88465,pg_catalog,pg_event_trigger,3,0,27,0,0,0,0,0,0,0,0,0,2,25,,,,
1430776876.88465,pg_catalog,pg_user_mapping,3,0,0,0,0,0,0,0,0,0,0,0,0,0,,,,
1430776876.88465,pg_catalog,pg_inherits,3,0,84,0,0,0,0,0,0,0,0,0,2,82,,,,
1430776876.88465,pg_toast,pg_toast_3596,0,0,0,0,0,0,0,0,0,0,0,0,0,0,,,,
1430776876.88465,pg_catalog,pg_rewrite,3,327,31,31,0,0,0,0,109,0,27,48,2,52,51,62,8,190
1430776876.88465,pg_catalog,pg_foreign_data_wrapper,3,0,0,0,0,0,0,0,0,0,0,0,0,0,,,,
1430776876.88465,pg_catalog,pg_largeobject_metadata,2,0,0,0,0,0,0,0,0,0,0,0,0,0,,,,
1430776876.88465,pg_catalog,pg_opclass,11,392,628,8694,0,0,0,0,128,0,9,3095,12,771,,,,
1430776876.88465,pg_catalog,pg_attrdef,3,0,0,0,0,0,0,0,0,0,0,0,0,0,0,0,0,0
1430776876.88465,pg_catalog,pg_default_acl,3,0,59,0,0,0,0,0,0,0,0,0,2,57,,,,
1430776876.88465,public,orders,6,180000,245478,355050,161658,116820,0,94756,160393,14415,1901,667759,1955,1574021,,,,
1430776876.88465,pg_catalog,pg_aggregate,2,266,26,26,0,0,0,0,133,0,5,27,2,40,,,,
1430776876.88465,pg_toast,pg_toast_12329,0,0,0,0,0,0,0,0,0,0,0,0,0,0,,,,
1430776876.88465,pg_catalog,pg_ts_dict,3,48,0,0,0,0,0,0,16,0,2,2,0,0,,,,
1430776876.88465,pg_catalog,pg_index,54,2986,1970,2389,27,0,17,0,123,17,13,2143,12,2219,,,,
1430776876.88465,public,warehouse,40618,30612,353790,353790,1,126370,0,123999,1,839,93,3171921,2,356216,,,,
1430776876.88465,public,stock,4,400000,3015406,2773436,100000,1380949,0,0,99638,162052,26049,4493034,785,13223754,,,,
1430776876.88465,pg_catalog,pg_tablespace,135,270,5355,5355,0,0,0,0,2,0,156,5356,300,10472,,,,
1430776876.88465,pg_toast,pg_toast_2619,0,0,1198,3405,299,0,238,0,70,56,62,2534,4,1529,,,,
1430776876.88465,pg_catalog,pg_constraint,5,50,8,0,8,0,0,0,10,0,6,33,8,64,0,0,0,0
1430776876.88465,pg_toast,pg_toast_2618,0,0,83,259,0,0,0,0,0,0,51,62,4,95,,,,
1430776876.88465,pg_catalog,pg_cast,3,594,3707,738,0,0,0,0,198,0,6,740,6,3765,,,,
1430776876.88465,public,district,83697,768450,462428,462428,10,258028,0,257380,10,350,70,2365400,2,463114,,,,
1430776876.88465,public,order_line,4,1138512,257393,2806173,1665577,1216441,0,783173,1641156,60293,34231,5032342,11814,6275316,,,,
1430776876.88465,pg_catalog,pg_ts_config,3,48,0,0,0,0,0,0,16,0,2,2,0,0,,,,
1430776876.88465,pg_catalog,pg_ts_parser,3,3,0,0,0,0,0,0,1,0,2,2,0,0,,,,
1430776876.88465,pg_toast,pg_toast_2620,0,0,0,0,0,0,0,0,0,0,0,0,0,0,,,,
1430776876.88465,pg_toast,pg_toast_2396,0,0,0,0,0,0,0,0,0,0,0,0,0,0,,,,
1430776876.88465,pg_catalog,pg_largeobject,2,0,0,0,0,0,0,0,0,0,0,0,0,0,,,,
1430776876.88465,pg_catalog,pg_enum,4,0,0,0,0,0,0,0,0,0,0,0,0,0,,,,
1430776876.88465,pg_catalog,pg_foreign_table,2,0,0,0,0,0,0,0,0,0,0,0,0,0,,,,
1430776876.88465,public,customer,6,180000,595676,1475767,30000,243190,0,231280,29997,3076,7525,1870825,389,1344852,,,,
1430776876.88465,pg_catalog,pg_collation,3,1806,0,0,0,0,0,0,602,0,38,38,0,0,,,,
1430776876.88465,pg_catalog,pg_am,126,138,0,0,0,0,0,0,5,0,3,124,0,0,,,,
1430776876.88465,pg_catalog,pg_proc,3,8073,887,1180,6,0,0,0,2691,0,168,1145,33,1901,0,0,0,0
1430776876.88465,pg_catalog,pg_shdepend,66,66,7482,1871,0,0,0,0,1,0,45,1914,180,7788,,,,
1430776876.88465,pg_catalog,pg_language,4,16,10,10,0,0,0,0,4,0,2,13,4,18,,,,
1430776876.88465,pg_catalog,pg_range,2,12,2,0,0,0,0,0,6,0,2,1,2,2,,,,
1430776876.88465,pg_catalog,pg_attribute,48,7906,5527,20763,1401,20,1219,3,2491,0,193,10144,57,16915,,,,
1430776876.88465,pg_catalog,pg_database,2561,9858,78157,78111,23,0,22,0,4,0,119,80664,862,94891,,,,
1430776876.88465,pg_catalog,pg_conversion,4,528,0,0,0,0,0,0,132,0,6,9,0,0,,,,
1430776876.88465,pg_catalog,pg_type,3,1093,2014,1655,173,0,151,0,361,0,34,2056,25,4675,,,,
1430776876.88465,pg_catalog,pg_trigger,4,0,0,0,0,0,0,0,0,0,0,0,0,0,0,0,0,0
1430776876.88465,information_schema,sql_implementation_info,1,12,,,0,0,0,0,12,0,2,0,,,0,0,0,0
1430776876.88465,information_schema,sql_languages,1,4,,,0,0,0,0,4,0,2,0,,,0,0,0,0
1430776876.88465,pg_toast,pg_toast_12309,0,0,0,0,0,0,0,0,0,0,0,0,0,0,,,,
1430776876.88465,pg_toast,pg_toast_12334,0,0,0,0,0,0,0,0,0,0,0,0,0,0,,,,
1430776876.88465,pg_catalog,pg_amop,4,1744,660,816,0,0,0,0,436,0,12,824,23,1425,,,,
1430776876.88465,pg_toast,pg_toast_1255,0,0,0,0,0,0,0,0,0,0,0,0,0,0,,,,
1430776876.88465,pg_toast,pg_toast_12314,0,0,0,0,0,0,0,0,0,0,0,0,0,0,,,,
1430776876.88465,pg_toast,pg_toast_12324,0,0,0,0,0,0,0,0,0,0,0,0,0,0,,,,
1430776876.88465,pg_catalog,pg_amproc,11,1048,457,681,0,0,0,0,344,0,9,458,9,1017,,,,
1430776876.88465,pg_toast,pg_toast_2964,0,0,0,0,0,0,0,0,0,0,0,0,0,0,,,,
1430776876.88465,pg_catalog,pg_ts_template,3,15,0,0,0,0,0,0,5,0,2,2,0,0,,,,
1430776876.88465,pg_catalog,pg_db_role_setting,66,0,35144,0,0,0,0,0,0,0,0,0,206,34938,0,0,0,0
1430776876.88465,pg_toast,pg_toast_2609,0,0,0,0,0,0,0,0,0,0,0,0,0,0,,,,
1430776876.88465,information_schema,sql_parts,1,9,,,0,0,0,0,9,0,2,0,,,0,0,0,0
1430776876.88465,public,history,1,30000,,,156370,0,0,0,156390,0,3391,133147,,,,,,
1430776876.88465,pg_catalog,pg_class,115,14399,6906,6130,122,324,101,69,316,0,33,8348,34,12397,,,,
1430776876.88465,pg_catalog,pg_seclabel,2,0,252,0,0,0,0,0,0,0,0,0,2,250,0,0,0,0
1430776876.88465,pg_catalog,pg_ts_config_map,2,608,0,0,0,0,0,0,304,0,4,2,0,0,,,,
1430776876.88465,information_schema,sql_sizing,1,23,,,0,0,0,0,23,0,2,0,,,0,0,0,0
1430776876.88465,pg_toast,pg_toast_12339,0,0,0,0,0,0,0,0,0,0,0,0,0,0,,,,
1430776876.88465,information_schema,sql_packages,1,10,,,0,0,0,0,10,0,2,0,,,0,0,0,0
1430776876.88465,public,item,4,400000,1382286,1380949,100000,0,0,0,100000,0,3845,1387470,276,2770892,,,,
1430776876.88465,pg_toast,pg_toast_2606,0,0,0,0,0,0,0,0,0,0,0,0,0,0,,,,
1430776876.88465,pg_catalog,pg_pltemplate,44,352,0,0,0,0,0,0,8,0,44,22,0,0,,,,
1430776876.88465,pg_catalog,pg_auth_members,66,0,0,0,0,0,0,0,0,0,0,0,0,0,,,,
1430776876.88465,pg_catalog,pg_depend,3,20120,2731,2507,348,0,256,0,6672,256,103,3172,39,6884,,,,
1430776876.88465,pg_toast,pg_toast_2604,0,0,0,0,0,0,0,0,0,0,0,0,0,0,,,,
1430776876.88465,pg_catalog,pg_shseclabel,44,0,22,0,0,0,0,0,0,0,0,0,22,0,,,,
1430776876.88465,information_schema,sql_features,1,672,,,0,0,0,0,672,0,14,0,,,0,0,0,0
1430776876.88465,pg_toast,pg_toast_12319,0,0,0,0,0,0,0,0,0,0,0,0,0,0,,,,
1430776876.88465,pg_catalog,pg_description,2,7372,252,0,0,0,0,0,3686,0,64,32,6,501,0,0,0,0
1430776876.88465,pg_catalog,pg_namespace,13,78,769,666,0,0,0,0,6,0,3,677,12,887,,,,
1430776876.88465,information_schema,sql_sizing_profiles,1,0,,,0,0,0,0,0,0,0,0,,,0,0,0,0
1430776876.88465,pg_catalog,pg_foreign_server,3,0,0,0,0,0,0,0,0,0,0,0,0,0,,,,
1430776936.89807,pg_catalog,pg_operator,3,2295,601,3011,0,0,0,0,765,0,42,2158,20,1322,,,,
1430776936.89807,pg_catalog,pg_extension,3,3,0,0,0,0,0,0,1,0,2,2,0,0,,,,
1430776936.89807,pg_catalog,pg_authid,647,647,14070,14070,0,0,0,0,1,0,200,14539,670,27470,,,,
1430776936.89807,pg_catalog,pg_statistic,2,798,5756,5547,92,869,0,460,491,180,108,7648,13,12610,62,2994,4,1810
1430776936.89807,pg_catalog,pg_opfamily,3,258,0,0,0,0,0,0,86,0,4,4,0,0,,,,
1430776936.89807,public,new_order,4,36000,292040,276363,173274,0,129120,0,42507,14179,447,1400483,644,2603089,,,,
1430776936.89807,pg_catalog,pg_shdescription,48,141,22,0,0,0,0,0,3,0,45,25,45,0,0,0,0,0
1430776936.89807,pg_catalog,pg_event_trigger,3,0,27,0,0,0,0,0,0,0,0,0,2,25,,,,
1430776936.89807,pg_catalog,pg_user_mapping,3,0,0,0,0,0,0,0,0,0,0,0,0,0,,,,
1430776936.89807,pg_catalog,pg_inherits,3,0,84,0,0,0,0,0,0,0,0,0,2,82,,,,
1430776936.89807,pg_toast,pg_toast_3596,0,0,0,0,0,0,0,0,0,0,0,0,0,0,,,,
1430776936.89807,pg_catalog,pg_rewrite,3,327,37,37,0,0,0,0,109,0,27,54,2,62,51,68,8,202
1430776936.89807,pg_catalog,pg_foreign_data_wrapper,3,0,0,0,0,0,0,0,0,0,0,0,0,0,,,,
1430776936.89807,pg_catalog,pg_largeobject_metadata,2,0,0,0,0,0,0,0,0,0,0,0,0,0,,,,
1430776936.89807,pg_catalog,pg_opclass,11,392,658,9149,0,0,0,0,128,0,9,3249,12,810,,,,
1430776936.89807,pg_catalog,pg_attrdef,3,0,0,0,0,0,0,0,0,0,0,0,0,0,0,0,0,0
1430776936.89807,pg_catalog,pg_default_acl,3,0,59,0,0,0,0,0,0,0,0,0,2,57,,,,
1430776936.89807,public,orders,6,180000,306840,475557,194274,146020,0,118659,192665,20320,2193,865416,2329,1987542,,,,
1430776936.89807,pg_catalog,pg_aggregate,2,266,27,27,0,0,0,0,133,0,5,28,2,42,,,,
1430776936.89807,pg_toast,pg_toast_12329,0,0,0,0,0,0,0,0,0,0,0,0,0,0,,,,
1430776936.89807,pg_catalog,pg_ts_dict,3,48,0,0,0,0,0,0,16,0,2,2,0,0,,,,
1430776936.89807,pg_catalog,pg_index,59,3601,2134,2585,27,0,17,0,123,17,13,2321,12,2393,,,,
1430776936.89807,public,warehouse,40618,30612,448470,448470,1,157402,0,154437,1,643,93,3848795,2,451501,,,,
1430776936.89807,public,stock,4,400000,3763237,3462339,100000,1723983,0,0,99718,209024,26057,5617128,787,16507241,,,,
1430776936.89807,pg_catalog,pg_tablespace,135,270,5360,5360,0,0,0,0,2,0,156,5361,300,10482,,,,
1430776936.89807,pg_toast,pg_toast_2619,0,0,1422,4057,355,0,294,0,70,112,62,2994,4,1810,,,,
1430776936.89807,pg_catalog,pg_constraint,5,50,8,0,8,0,0,0,10,0,6,33,8,64,0,0,0,0
1430776936.89807,pg_toast,pg_toast_2618,0,0,87,273,0,0,0,0,0,0,51,68,4,101,,,,
1430776936.89807,pg_catalog,pg_cast,3,594,3883,781,0,0,0,0,198,0,6,783,6,3946,,,,
1430776936.89807,public,district,83697,768450,595500,595500,10,321676,0,320803,10,198,84,2719784,2,596412,,,,
1430776936.89807,public,order_line,4,1138512,321698,3510710,2008611,1522817,0,991524,1967614,203377,39053,6231422,14291,7802083,,,,
1430776936.89807,pg_catalog,pg_ts_config,3,48,0,0,0,0,0,0,16,0,2,2,0,0,,,,
1430776936.89807,pg_catalog,pg_ts_parser,3,3,0,0,0,0,0,0,1,0,2,2,0,0,,,,
1430776936.89807,pg_toast,pg_toast_2620,0,0,0,0,0,0,0,0,0,0,0,0,0,0,,,,
1430776936.89807,pg_toast,pg_toast_2396,0,0,0,0,0,0,0,0,0,0,0,0,0,0,,,,
1430776936.89807,pg_catalog,pg_largeobject,2,0,0,0,0,0,0,0,0,0,0,0,0,0,,,,
1430776936.89807,pg_catalog,pg_enum,4,0,0,0,0,0,0,0,0,0,0,0,0,0,,,,
1430776936.89807,pg_catalog,pg_foreign_table,2,0,0,0,0,0,0,0,0,0,0,0,0,0,,,,
1430776936.89807,public,customer,6,180000,742885,1849172,30000,303422,0,288846,30001,5879,7525,2341595,392,1675592,,,,
1430776936.89807,pg_catalog,pg_collation,3,1806,0,0,0,0,0,0,602,0,38,38,0,0,,,,
1430776936.89807,pg_catalog,pg_am,131,143,0,0,0,0,0,0,5,0,3,129,0,0,,,,
1430776936.89807,pg_catalog,pg_proc,3,8073,959,1280,6,0,0,0,2691,0,168,1229,33,2053,0,0,0,0
1430776936.89807,pg_catalog,pg_shdepend,66,66,7482,1871,0,0,0,0,1,0,45,1914,180,7788,,,,
1430776936.89807,pg_catalog,pg_language,4,16,10,10,0,0,0,0,4,0,2,13,4,18,,,,
1430776936.89807,pg_catalog,pg_range,2,12,2,0,0,0,0,0,6,0,2,1,2,2,,,,
1430776936.89807,pg_catalog,pg_attribute,48,7906,6007,22717,1401,20,1219,3,2491,0,193,10769,57,17882,,,,
1430776936.89807,pg_catalog,pg_database,2564,9870,78193,78147,23,0,22,0,4,0,119,80703,862,94941,,,,
1430776936.89807,pg_catalog,pg_conversion,4,528,0,0,0,0,0,0,132,0,6,9,0,0,,,,
1430776936.89807,pg_catalog,pg_type,3,1093,2097,1738,173,0,151,0,361,0,34,2139,25,4846,,,,
1430776936.89807,pg_catalog,pg_trigger,4,0,0,0,0,0,0,0,0,0,0,0,0,0,0,0,0,0
1430776936.89807,information_schema,sql_implementation_info,1,12,,,0,0,0,0,12,0,2,0,,,0,0,0,0
1430776936.89807,information_schema,sql_languages,1,4,,,0,0,0,0,4,0,2,0,,,0,0,0,0
1430776936.89807,pg_toast,pg_toast_12309,0,0,0,0,0,0,0,0,0,0,0,0,0,0,,,,
1430776936.89807,pg_toast,pg_toast_12334,0,0,0,0,0,0,0,0,0,0,0,0,0,0,,,,
1430776936.89807,pg_catalog,pg_amop,4,1744,711,874,0,0,0,0,436,0,12,882,23,1535,,,,
1430776936.89807,pg_toast,pg_toast_1255,0,0,0,0,0,0,0,0,0,0,0,0,0,0,,,,
1430776936.89807,pg_toast,pg_toast_12314,0,0,0,0,0,0,0,0,0,0,0,0,0,0,,,,
1430776936.89807,pg_toast,pg_toast_12324,0,0,0,0,0,0,0,0,0,0,0,0,0,0,,,,
1430776936.89807,pg_catalog,pg_amproc,11,1048,482,712,0,0,0,0,344,0,9,480,9,1072,,,,
1430776936.89807,pg_toast,pg_toast_2964,0,0,0,0,0,0,0,0,0,0,0,0,0,0,,,,
1430776936.89807,pg_catalog,pg_ts_template,3,15,0,0,0,0,0,0,5,0,2,2,0,0,,,,
1430776936.89807,pg_catalog,pg_db_role_setting,66,0,35172,0,0,0,0,0,0,0,0,0,206,34966,0,0,0,0
1430776936.89807,pg_toast,pg_toast_2609,0,0,0,0,0,0,0,0,0,0,0,0,0,0,,,,
1430776936.89807,information_schema,sql_parts,1,9,,,0,0,0,0,9,0,2,0,,,0,0,0,0
1430776936.89807,public,history,1,30000,,,187402,0,0,0,187404,0,4068,166519,,,,,,
1430776936.89807,pg_catalog,pg_class,125,17260,7665,6766,122,324,101,69,316,0,33,9085,34,13286,,,,
1430776936.89807,pg_catalog,pg_seclabel,2,0,252,0,0,0,0,0,0,0,0,0,2,250,0,0,0,0
1430776936.89807,pg_catalog,pg_ts_config_map,2,608,0,0,0,0,0,0,304,0,4,2,0,0,,,,
1430776936.89807,information_schema,sql_sizing,1,23,,,0,0,0,0,23,0,2,0,,,0,0,0,0
1430776936.89807,pg_toast,pg_toast_12339,0,0,0,0,0,0,0,0,0,0,0,0,0,0,,,,
1430776936.89807,information_schema,sql_packages,1,10,,,0,0,0,0,10,0,2,0,,,0,0,0,0
1430776936.89807,public,item,4,400000,1725642,1723984,100000,0,0,0,100000,0,3845,1730505,276,3459192,,,,
1430776936.89807,pg_toast,pg_toast_2606,0,0,0,0,0,0,0,0,0,0,0,0,0,0,,,,
1430776936.89807,pg_catalog,pg_pltemplate,44,352,0,0,0,0,0,0,8,0,44,22,0,0,,,,
1430776936.89807,pg_catalog,pg_auth_members,66,0,0,0,0,0,0,0,0,0,0,0,0,0,,,,
1430776936.89807,pg_catalog,pg_depend,3,20120,2731,2507,348,0,256,0,6672,256,103,3172,39,6884,,,,
1430776936.89807,pg_toast,pg_toast_2604,0,0,0,0,0,0,0,0,0,0,0,0,0,0,,,,
1430776936.89807,pg_catalog,pg_shseclabel,44,0,22,0,0,0,0,0,0,0,0,0,22,0,,,,
1430776936.89807,information_schema,sql_features,1,672,,,0,0,0,0,672,0,14,0,,,0,0,0,0
1430776936.89807,pg_toast,pg_toast_12319,0,0,0,0,0,0,0,0,0,0,0,0,0,0,,,,
1430776936.89807,pg_catalog,pg_description,2,7372,252,0,0,0,0,0,3686,0,64,32,6,501,0,0,0,0
1430776936.89807,pg_catalog,pg_namespace,15,90,905,798,0,0,0,0,6,0,3,811,12,1030,,,,
1430776936.89807,information_schema,sql_sizing_profiles,1,0,,,0,0,0,0,0,0,0,0,,,0,0,0,0
1430776936.89807,pg_catalog,pg_foreign_server,3,0,0,0,0,0,0,0,0,0,0,0,0,0,,,,
1430776996.89863,pg_catalog,pg_operator,3,2295,624,3034,0,0,0,0,765,0,42,2181,20,1377,,,,
1430776996.89863,pg_catalog,pg_extension,3,3,0,0,0,0,0,0,1,0,2,2,0,0,,,,
1430776996.89863,pg_catalog,pg_authid,648,648,14081,14081,0,0,0,0,1,0,200,14551,670,27492,,,,
1430776996.89863,pg_catalog,pg_statistic,2,798,6559,6344,92,947,0,532,491,165,108,8551,13,14234,72,3550,4,2093
1430776996.89863,pg_catalog,pg_opfamily,3,258,0,0,0,0,0,0,86,0,4,4,0,0,,,,
1430776996.89863,public,new_order,4,36000,349440,330360,205942,0,154220,0,49750,15102,484,1735878,646,3148910,,,,
1430776996.89863,pg_catalog,pg_shdescription,48,141,22,0,0,0,0,0,3,0,45,25,45,0,0,0,0,0
1430776996.89863,pg_catalog,pg_event_trigger,3,0,27,0,0,0,0,0,0,0,0,0,2,25,,,,
1430776996.89863,pg_catalog,pg_user_mapping,3,0,0,0,0,0,0,0,0,0,0,0,0,0,,,,
1430776996.89863,pg_catalog,pg_inherits,3,0,84,0,0,0,0,0,0,0,0,0,2,82,,,,
1430776996.89863,pg_toast,pg_toast_3596,0,0,0,0,0,0,0,0,0,0,0,0,0,0,,,,
1430776996.89863,pg_catalog,pg_rewrite,3,327,44,44,0,0,0,0,109,0,27,61,2,74,51,75,8,218
1430776996.89863,pg_catalog,pg_foreign_data_wrapper,3,0,0,0,0,0,0,0,0,0,0,0,0,0,,,,
1430776996.89863,pg_catalog,pg_largeobject_metadata,2,0,0,0,0,0,0,0,0,0,0,0,0,0,,,,
1430776996.89863,pg_catalog,pg_opclass,11,392,689,9605,0,0,0,0,128,0,9,3404,12,850,,,,
1430776996.89863,pg_catalog,pg_attrdef,3,0,0,0,0,0,0,0,0,0,0,0,0,0,0,0,0,0
1430776996.89863,pg_catalog,pg_default_acl,3,0,59,0,0,0,0,0,0,0,0,0,2,57,,,,
1430776996.89863,public,orders,6,180000,367223,606699,226942,174720,0,142147,225072,26264,2483,1073621,2762,2398236,,,,
1430776996.89863,pg_catalog,pg_aggregate,2,266,28,28,0,0,0,0,133,0,5,29,2,44,,,,
1430776996.89863,pg_toast,pg_toast_12329,0,0,0,0,0,0,0,0,0,0,0,0,0,0,,,,
1430776996.89863,pg_catalog,pg_ts_dict,3,48,0,0,0,0,0,0,16,0,2,2,0,0,,,,
1430776996.89863,pg_catalog,pg_index,64,4216,2308,2804,27,0,17,0,123,17,13,2509,12,2578,,,,
1430776996.89863,public,warehouse,40618,30612,543452,543452,1,188559,0,184993,1,670,93,4569329,2,547095,,,,
1430776996.89863,public,stock,4,400000,4509837,4150090,100000,2066481,0,0,99638,228631,26224,6760465,788,19785816,,,,
1430776996.89863,pg_catalog,pg_tablespace,135,270,5365,5365,0,0,0,0,2,0,156,5366,300,10492,,,,
1430776996.89863,pg_toast,pg_toast_2619,0,0,1646,4699,410,0,350,0,68,56,72,3550,4,2093,,,,
1430776996.89863,pg_catalog,pg_constraint,5,50,8,0,8,0,0,0,10,0,6,33,8,64,0,0,0,0
1430776996.89863,pg_toast,pg_toast_2618,0,0,92,289,0,0,0,0,0,0,51,75,4,109,,,,
1430776996.89863,pg_catalog,pg_cast,3,594,4066,829,0,0,0,0,198,0,6,831,6,4135,,,,
1430776996.89863,public,district,83697,768450,728761,728761,10,385501,0,384398,10,132,84,3126430,2,729914,,,,
1430776996.89863,public,order_line,4,1138512,384937,4208173,2351109,1825338,0,1151724,2306612,401260,45123,7630789,16800,9457458,,,,
1430776996.89863,pg_catalog,pg_ts_config,3,48,0,0,0,0,0,0,16,0,2,2,0,0,,,,
1430776996.89863,pg_catalog,pg_ts_parser,3,3,0,0,0,0,0,0,1,0,2,2,0,0,,,,
1430776996.89863,pg_toast,pg_toast_2620,0,0,0,0,0,0,0,0,0,0,0,0,0,0,,,,
1430776996.89863,pg_toast,pg_toast_2396,0,0,0,0,0,0,0,0,0,0,0,0,0,0,,,,
1430776996.89863,pg_catalog,pg_largeobject,2,0,0,0,0,0,0,0,0,0,0,0,0,0,,,,
1430776996.89863,pg_catalog,pg_enum,4,0,0,0,0,0,0,0,0,0,0,0,0,0,,,,
1430776996.89863,pg_catalog,pg_foreign_table,2,0,0,0,0,0,0,0,0,0,0,0,0,0,,,,
1430776996.89863,public,customer,6,180000,890014,2208614,30000,363279,0,345930,29994,4011,7542,2808709,394,2007190,,,,
1430776996.89863,pg_catalog,pg_collation,3,1806,0,0,0,0,0,0,602,0,38,38,0,0,,,,
1430776996.89863,pg_catalog,pg_am,136,148,0,0,0,0,0,0,5,0,3,134,0,0,,,,
1430776996.89863,pg_catalog,pg_proc,3,8073,1037,1393,6,0,0,0,2691,0,168,1322,33,2219,0,0,0,0
1430776996.89863,pg_catalog,pg_shdepend,66,66,7482,1871,0,0,0,0,1,0,45,1914,180,7788,,,,
1430776996.89863,pg_catalog,pg_language,4,16,10,10,0,0,0,0,4,0,2,13,4,18,,,,
1430776996.89863,pg_catalog,pg_range,2,12,2,0,0,0,0,0,6,0,2,1,2,2,,,,
1430776996.89863,pg_catalog,pg_attribute,48,7906,6525,24964,1401,20,1219,3,2491,0,193,11445,57,18925,,,,
1430776996.89863,pg_catalog,pg_database,2567,9882,78230,78184,23,0,22,0,4,0,119,80743,862,94992,,,,
1430776996.89863,pg_catalog,pg_conversion,4,528,0,0,0,0,0,0,132,0,6,9,0,0,,,,
1430776996.89863,pg_catalog,pg_type,3,1093,2196,1837,173,0,151,0,361,0,34,2238,25,5050,,,,
1430776996.89863,pg_catalog,pg_trigger,4,0,0,0,0,0,0,0,0,0,0,0,0,0,0,0,0,0
1430776996.89863,information_schema,sql_implementation_info,1,12,,,0,0,0,0,12,0,2,0,,,0,0,0,0
1430776996.89863,information_schema,sql_languages,1,4,,,0,0,0,0,4,0,2,0,,,0,0,0,0
1430776996.89863,pg_toast,pg_toast_12309,0,0,0,0,0,0,0,0,0,0,0,0,0,0,,,,
1430776996.89863,pg_toast,pg_toast_12334,0,0,0,0,0,0,0,0,0,0,0,0,0,0,,,,
1430776996.89863,pg_catalog,pg_amop,4,1744,768,940,0,0,0,0,436,0,12,948,23,1659,,,,
1430776996.89863,pg_toast,pg_toast_1255,0,0,0,0,0,0,0,0,0,0,0,0,0,0,,,,
1430776996.89863,pg_toast,pg_toast_12314,0,0,0,0,0,0,0,0,0,0,0,0,0,0,,,,
1430776996.89863,pg_toast,pg_toast_12324,0,0,0,0,0,0,0,0,0,0,0,0,0,0,,,,
1430776996.89863,pg_catalog,pg_amproc,11,1048,509,746,0,0,0,0,344,0,9,504,9,1131,,,,
1430776996.89863,pg_toast,pg_toast_2964,0,0,0,0,0,0,0,0,0,0,0,0,0,0,,,,
1430776996.89863,pg_catalog,pg_ts_template,3,15,0,0,0,0,0,0,5,0,2,2,0,0,,,,
1430776996.89863,pg_catalog,pg_db_role_setting,66,0,35200,0,0,0,0,0,0,0,0,0,206,34994,0,0,0,0
1430776996.89863,pg_toast,pg_toast_2609,0,0,0,0,0,0,0,0,0,0,0,0,0,0,,,,
1430776996.89863,information_schema,sql_parts,1,9,,,0,0,0,0,9,0,2,0,,,0,0,0,0
1430776996.89863,public,history,1,30000,,,218559,0,0,0,218568,0,4747,200358,,,,,,
1430776996.89863,pg_catalog,pg_class,135,20121,8474,7452,122,324,101,69,316,0,33,9876,34,14236,,,,
1430776996.89863,pg_catalog,pg_seclabel,2,0,252,0,0,0,0,0,0,0,0,0,2,250,0,0,0,0
1430776996.89863,pg_catalog,pg_ts_config_map,2,608,0,0,0,0,0,0,304,0,4,2,0,0,,,,
1430776996.89863,information_schema,sql_sizing,1,23,,,0,0,0,0,23,0,2,0,,,0,0,0,0
1430776996.89863,pg_toast,pg_toast_12339,0,0,0,0,0,0,0,0,0,0,0,0,0,0,,,,
1430776996.89863,information_schema,sql_packages,1,10,,,0,0,0,0,10,0,2,0,,,0,0,0,0
1430776996.89863,public,item,4,400000,2068460,2066482,100000,0,0,0,100000,0,3845,2073003,276,4146446,,,,
1430776996.89863,pg_toast,pg_toast_2606,0,0,0,0,0,0,0,0,0,0,0,0,0,0,,,,
1430776996.89863,pg_catalog,pg_pltemplate,44,352,0,0,0,0,0,0,8,0,44,22,0,0,,,,
1430776996.89863,pg_catalog,pg_auth_members,66,0,0,0,0,0,0,0,0,0,0,0,0,0,,,,
1430776996.89863,pg_catalog,pg_depend,3,20120,2731,2507,348,0,256,0,6672,256,103,3172,39,6884,,,,
1430776996.89863,pg_toast,pg_toast_2604,0,0,0,0,0,0,0,0,0,0,0,0,0,0,,,,
1430776996.89863,pg_catalog,pg_shseclabel,44,0,22,0,0,0,0,0,0,0,0,0,22,0,,,,
1430776996.89863,information_schema,sql_features,1,672,,,0,0,0,0,672,0,14,0,,,0,0,0,0
1430776996.89863,pg_toast,pg_toast_12319,0,0,0,0,0,0,0,0,0,0,0,0,0,0,,,,
1430776996.89863,pg_catalog,pg_description,2,7372,252,0,0,0,0,0,3686,0,64,32,6,501,0,0,0,0
1430776996.89863,pg_catalog,pg_namespace,17,102,1045,933,0,0,0,0,6,0,3,948,12,1178,,,,
1430776996.89863,information_schema,sql_sizing_profiles,1,0,,,0,0,0,0,0,0,0,0,,,0,0,0,0
1430776996.89863,pg_catalog,pg_foreign_server,3,0,0,0,0,0,0,0,0,0,0,0,0,0,,,,
1430777056.90558,pg_catalog,pg_operator,3,2295,647,3057,0,0,0,0,765,0,42,2204,20,1432,,,,
1430777056.90558,pg_catalog,pg_extension,3,3,0,0,0,0,0,0,1,0,2,2,0,0,,,,
1430777056.90558,pg_catalog,pg_authid,649,649,14091,14091,0,0,0,0,1,0,200,14562,670,27512,,,,
1430777056.90558,pg_catalog,pg_statistic,2,798,7362,7141,92,1025,0,607,491,60,111,9539,13,15867,72,4007,4,2382
1430777056.90558,pg_catalog,pg_opfamily,3,258,0,0,0,0,0,0,86,0,4,4,0,0,,,,
1430777056.90558,public,new_order,4,36000,405940,383537,237956,0,178930,0,56740,10391,554,2039942,754,3743947,,,,
1430777056.90558,pg_catalog,pg_shdescription,48,141,22,0,0,0,0,0,3,0,45,25,45,0,0,0,0,0
1430777056.90558,pg_catalog,pg_event_trigger,3,0,27,0,0,0,0,0,0,0,0,0,2,25,,,,
1430777056.90558,pg_catalog,pg_user_mapping,3,0,0,0,0,0,0,0,0,0,0,0,0,0,,,,
1430777056.90558,pg_catalog,pg_inherits,3,0,84,0,0,0,0,0,0,0,0,0,2,82,,,,
1430777056.90558,pg_toast,pg_toast_3596,0,0,0,0,0,0,0,0,0,0,0,0,0,0,,,,
1430777056.90558,pg_catalog,pg_rewrite,3,327,51,51,0,0,0,0,109,0,27,68,2,86,51,82,8,234
1430777056.90558,pg_catalog,pg_foreign_data_wrapper,3,0,0,0,0,0,0,0,0,0,0,0,0,0,,,,
1430777056.90558,pg_catalog,pg_largeobject_metadata,2,0,0,0,0,0,0,0,0,0,0,0,0,0,,,,
1430777056.90558,pg_catalog,pg_opclass,15,396,730,10071,0,0,0,0,128,0,9,3573,12,900,,,,
1430777056.90558,pg_catalog,pg_attrdef,3,0,0,0,0,0,0,0,0,0,0,0,0,0,0,0,0,0
1430777056.90558,pg_catalog,pg_default_acl,3,0,59,0,0,0,0,0,0,0,0,0,2,57,,,,
1430777056.90558,public,orders,6,180000,426556,749090,258956,202970,0,165309,256701,31961,2771,1291635,3179,2801641,,,,
1430777056.90558,pg_catalog,pg_aggregate,2,266,29,29,0,0,0,0,133,0,5,30,2,46,,,,
1430777056.90558,pg_toast,pg_toast_12329,0,0,0,0,0,0,0,0,0,0,0,0,0,0,,,,
1430777056.90558,pg_catalog,pg_ts_dict,3,48,0,0,0,0,0,0,16,0,2,2,0,0,,,,
1430777056.90558,pg_catalog,pg_index,83,4845,2589,3119,27,0,17,0,123,17,13,2826,12,2870,,,,
1430777056.90558,public,warehouse,40618,30612,636890,636890,1,219271,0,215119,1,720,102,5278481,2,641130,,,,
1430777056.90558,public,stock,4,400000,5243980,4823582,100000,2401750,0,0,99594,162005,26415,7872889,793,23004982,,,,
1430777056.90558,pg_catalog,pg_tablespace,135,270,5370,5370,0,0,0,0,2,0,156,5371,300,10502,,,,
1430777056.90558,pg_toast,pg_toast_2619,0,0,1870,5349,466,0,405,0,69,111,72,4007,4,2382,,,,
1430777056.90558,pg_catalog,pg_constraint,5,50,8,0,8,0,0,0,10,0,6,33,8,64,0,0,0,0
1430777056.90558,pg_toast,pg_toast_2618,0,0,97,305,0,0,0,0,0,0,51,82,4,117,,,,
1430777056.90558,pg_catalog,pg_cast,3,594,4249,877,0,0,0,0,198,0,6,879,6,4324,,,,
1430777056.90558,public,district,83697,768450,860032,860032,10,448227,0,446901,10,290,89,3566053,2,861409,,,,
1430777056.90558,public,order_line,4,1138512,447135,4894553,2686378,2122082,0,1355278,2648139,63789,49362,8891806,19257,10957788,,,,
1430777056.90558,pg_catalog,pg_ts_config,3,48,0,0,0,0,0,0,16,0,2,2,0,0,,,,
1430777056.90558,pg_catalog,pg_ts_parser,3,3,0,0,0,0,0,0,1,0,2,2,0,0,,,,
1430777056.90558,pg_toast,pg_toast_2620,0,0,0,0,0,0,0,0,0,0,0,0,0,0,,,,
1430777056.90558,pg_toast,pg_toast_2396,0,0,0,0,0,0,0,0,0,0,0,0,0,0,,,,
1430777056.90558,pg_catalog,pg_largeobject,2,0,0,0,0,0,0,0,0,0,0,0,0,0,,,,
1430777056.90558,pg_catalog,pg_enum,4,0,0,0,0,0,0,0,0,0,0,0,0,0,,,,
1430777056.90558,pg_catalog,pg_foreign_table,2,0,0,0,0,0,0,0,0,0,0,0,0,0,,,,
1430777056.90558,public,customer,6,180000,1034541,2572541,30000,422241,0,402447,30000,6611,7566,3267234,400,2331141,,,,
1430777056.90558,pg_catalog,pg_collation,3,1806,0,0,0,0,0,0,602,0,38,38,0,0,,,,
1430777056.90558,pg_catalog,pg_am,141,153,0,0,0,0,0,0,5,0,3,139,0,0,,,,
1430777056.90558,pg_catalog,pg_proc,3,8073,1115,1506,6,0,0,0,2691,0,168,1415,33,2385,0,0,0,0
1430777056.90558,pg_catalog,pg_shdepend,66,66,7482,1871,0,0,0,0,1,0,45,1914,180,7788,,,,
1430777056.90558,pg_catalog,pg_language,4,16,10,10,0,0,0,0,4,0,2,13,4,18,,,,
1430777056.90558,pg_catalog,pg_range,2,12,2,0,0,0,0,0,6,0,2,1,2,2,,,,
1430777056.90558,pg_catalog,pg_attribute,70,8056,7204,27713,1401,20,1219,3,2491,0,193,12589,57,20292,,,,
1430777056.90558,pg_catalog,pg_database,2569,9890,78262,78216,23,0,22,0,4,0,119,80777,862,95036,,,,
1430777056.90558,pg_catalog,pg_conversion,4,528,0,0,0,0,0,0,132,0,6,9,0,0,,,,
1430777056.90558,pg_catalog,pg_type,3,1093,2295,1936,173,0,151,0,361,0,34,2337,25,5254,,,,
1430777056.90558,pg_catalog,pg_trigger,4,0,0,0,0,0,0,0,0,0,0,0,0,0,0,0,0,0
1430777056.90558,information_schema,sql_implementation_info,1,12,,,0,0,0,0,12,0,2,0,,,0,0,0,0
1430777056.90558,information_schema,sql_languages,1,4,,,0,0,0,0,4,0,2,0,,,0,0,0,0
1430777056.90558,pg_toast,pg_toast_12309,0,0,0,0,0,0,0,0,0,0,0,0,0,0,,,,
1430777056.90558,pg_toast,pg_toast_12334,0,0,0,0,0,0,0,0,0,0,0,0,0,0,,,,
1430777056.90558,pg_catalog,pg_amop,4,1744,825,1006,0,0,0,0,436,0,12,1014,23,1783,,,,
1430777056.90558,pg_toast,pg_toast_1255,0,0,0,0,0,0,0,0,0,0,0,0,0,0,,,,
1430777056.90558,pg_toast,pg_toast_12314,0,0,0,0,0,0,0,0,0,0,0,0,0,0,,,,
1430777056.90558,pg_toast,pg_toast_12324,0,0,0,0,0,0,0,0,0,0,0,0,0,0,,,,
1430777056.90558,pg_catalog,pg_amproc,15,1056,546,793,0,0,0,0,344,0,9,550,9,1210,,,,
1430777056.90558,pg_toast,pg_toast_2964,0,0,0,0,0,0,0,0,0,0,0,0,0,0,,,,
1430777056.90558,pg_catalog,pg_ts_template,3,15,0,0,0,0,0,0,5,0,2,2,0,0,,,,
1430777056.90558,pg_catalog,pg_db_role_setting,66,0,35224,0,0,0,0,0,0,0,0,0,206,35018,0,0,0,0
1430777056.90558,pg_toast,pg_toast_2609,0,0,0,0,0,0,0,0,0,0,0,0,0,0,,,,
1430777056.90558,information_schema,sql_parts,1,9,,,0,0,0,0,9,0,2,0,,,0,0,0,0
1430777056.90558,public,history,1,30000,,,249271,0,0,0,249295,0,5422,234163,,,,,,
1430777056.90558,pg_catalog,pg_class,167,23004,9459,8314,122,324,101,69,316,0,33,10907,34,15366,,,,
1430777056.90558,pg_catalog,pg_seclabel,2,0,252,0,0,0,0,0,0,0,0,0,2,250,0,0,0,0
1430777056.90558,pg_catalog,pg_ts_config_map,2,608,0,0,0,0,0,0,304,0,4,2,0,0,,,,
1430777056.90558,information_schema,sql_sizing,1,23,,,0,0,0,0,23,0,2,0,,,0,0,0,0
1430777056.90558,pg_toast,pg_toast_12339,0,0,0,0,0,0,0,0,0,0,0,0,0,0,,,,
1430777056.90558,information_schema,sql_packages,1,10,,,0,0,0,0,10,0,2,0,,,0,0,0,0
1430777056.90558,public,item,4,400000,2404059,2401751,100000,0,0,0,100000,0,3845,2408272,276,4819159,,,,
1430777056.90558,pg_toast,pg_toast_2606,0,0,0,0,0,0,0,0,0,0,0,0,0,0,,,,
1430777056.90558,pg_catalog,pg_pltemplate,44,352,0,0,0,0,0,0,8,0,44,22,0,0,,,,
1430777056.90558,pg_catalog,pg_auth_members,66,0,0,0,0,0,0,0,0,0,0,0,0,0,,,,
1430777056.90558,pg_catalog,pg_depend,3,20120,2731,2507,348,0,256,0,6672,256,103,3172,39,6884,,,,
1430777056.90558,pg_toast,pg_toast_2604,0,0,0,0,0,0,0,0,0,0,0,0,0,0,,,,
1430777056.90558,pg_catalog,pg_shseclabel,44,0,22,0,0,0,0,0,0,0,0,0,22,0,,,,
1430777056.90558,information_schema,sql_features,1,672,,,0,0,0,0,672,0,14,0,,,0,0,0,0
1430777056.90558,pg_toast,pg_toast_12319,0,0,0,0,0,0,0,0,0,0,0,0,0,0,,,,
1430777056.90558,pg_catalog,pg_description,2,7372,252,0,0,0,0,0,3686,0,64,32,6,501,0,0,0,0
1430777056.90558,pg_catalog,pg_namespace,19,114,1185,1068,0,0,0,0,6,0,3,1085,12,1326,,,,
1430777056.90558,information_schema,sql_sizing_profiles,1,0,,,0,0,0,0,0,0,0,0,,,0,0,0,0
1430777056.90558,pg_catalog,pg_foreign_server,3,0,0,0,0,0,0,0,0,0,0,0,0,0,,,,
1430777116.9138,pg_catalog,pg_operator,3,2295,670,3080,0,0,0,0,765,0,42,2227,20,1487,,,,
1430777116.9138,pg_catalog,pg_extension,3,3,0,0,0,0,0,0,1,0,2,2,0,0,,,,
1430777116.9138,pg_catalog,pg_authid,650,650,14103,14103,0,0,0,0,1,0,200,14575,670,27536,,,,
1430777116.9138,pg_catalog,pg_statistic,2,798,8157,7930,92,1095,0,676,491,97,111,10411,13,17465,73,4570,4,2660
1430777116.9138,pg_catalog,pg_opfamily,3,258,0,0,0,0,0,0,86,0,4,4,0,0,,,,
1430777116.9138,public,new_order,4,36000,463780,437825,270906,0,204070,0,64180,13528,554,2396207,786,4275651,,,,
1430777116.9138,pg_catalog,pg_shdescription,48,141,22,0,0,0,0,0,3,0,45,25,45,0,0,0,0,0
1430777116.9138,pg_catalog,pg_event_trigger,3,0,27,0,0,0,0,0,0,0,0,0,2,25,,,,
1430777116.9138,pg_catalog,pg_user_mapping,3,0,0,0,0,0,0,0,0,0,0,0,0,0,,,,
1430777116.9138,pg_catalog,pg_inherits,3,0,84,0,0,0,0,0,0,0,0,0,2,82,,,,
1430777116.9138,pg_toast,pg_toast_3596,0,0,0,0,0,0,0,0,0,0,0,0,0,0,,,,
1430777116.9138,pg_catalog,pg_rewrite,3,327,58,58,0,0,0,0,109,0,27,75,2,98,51,89,8,250
1430777116.9138,pg_catalog,pg_foreign_data_wrapper,3,0,0,0,0,0,0,0,0,0,0,0,0,0,,,,
1430777116.9138,pg_catalog,pg_largeobject_metadata,2,0,0,0,0,0,0,0,0,0,0,0,0,0,,,,
1430777116.9138,pg_catalog,pg_opclass,15,396,761,10527,0,0,0,0,128,0,9,3728,12,942,,,,
1430777116.9138,pg_catalog,pg_attrdef,3,0,0,0,0,0,0,0,0,0,0,0,0,0,0,0,0,0
1430777116.9138,pg_catalog,pg_default_acl,3,0,59,0,0,0,0,0,0,0,0,0,2,57,,,,
1430777116.9138,public,orders,6,180000,487312,907458,291906,231890,0,188924,289283,37959,3067,1527943,3606,3216295,,,,
1430777116.9138,pg_catalog,pg_aggregate,2,266,30,30,0,0,0,0,133,0,5,31,2,48,,,,
1430777116.9138,pg_toast,pg_toast_12329,0,0,0,0,0,0,0,0,0,0,0,0,0,0,,,,
1430777116.9138,pg_catalog,pg_ts_dict,3,48,0,0,0,0,0,0,16,0,2,2,0,0,,,,
1430777116.9138,pg_catalog,pg_index,88,5460,2766,3342,27,0,17,0,123,17,13,3018,12,3060,,,,
1430777116.9138,public,warehouse,40618,30612,731880,731880,1,250291,0,245541,1,815,107,5993327,2,736729,,,,
1430777116.9138,public,stock,4,400000,6000094,5516391,100000,2746696,0,0,99834,202431,26415,9022599,795,26320010,,,,
1430777116.9138,pg_catalog,pg_tablespace,135,270,5375,5375,0,0,0,0,2,0,156,5376,300,10512,,,,
1430777116.9138,pg_toast,pg_toast_2619,0,0,2091,5997,520,0,459,0,70,54,73,4570,4,2660,,,,
1430777116.9138,pg_catalog,pg_constraint,5,50,8,0,8,0,0,0,10,0,6,33,8,64,0,0,0,0
1430777116.9138,pg_toast,pg_toast_2618,0,0,102,321,0,0,0,0,0,0,51,89,4,125,,,,
1430777116.9138,pg_catalog,pg_cast,3,594,4432,925,0,0,0,0,198,0,6,927,6,4513,,,,
1430777116.9138,public,district,83697,768450,993765,993765,10,512197,0,510688,10,100,89,3986635,2,995336,,,,
1430777116.9138,public,order_line,4,1138512,510777,5597626,3031324,2425451,0,1560114,2976953,207195,52470,10123254,21776,12489877,,,,
1430777116.9138,pg_catalog,pg_ts_config,3,48,0,0,0,0,0,0,16,0,2,2,0,0,,,,
1430777116.9138,pg_catalog,pg_ts_parser,3,3,0,0,0,0,0,0,1,0,2,2,0,0,,,,
1430777116.9138,pg_toast,pg_toast_2620,0,0,0,0,0,0,0,0,0,0,0,0,0,0,,,,
1430777116.9138,pg_toast,pg_toast_2396,0,0,0,0,0,0,0,0,0,0,0,0,0,0,,,,
1430777116.9138,pg_catalog,pg_largeobject,2,0,0,0,0,0,0,0,0,0,0,0,0,0,,,,
1430777116.9138,pg_catalog,pg_enum,4,0,0,0,0,0,0,0,0,0,0,0,0,0,,,,
1430777116.9138,pg_catalog,pg_foreign_table,2,0,0,0,0,0,0,0,0,0,0,0,0,0,,,,
1430777116.9138,public,customer,6,180000,1181759,2930825,30000,482181,0,459780,30000,4310,7595,3733060,402,2662141,,,,
1430777116.9138,pg_catalog,pg_collation,3,1806,0,0,0,0,0,0,602,0,38,38,0,0,,,,
1430777116.9138,pg_catalog,pg_am,148,160,0,0,0,0,0,0,5,0,3,146,0,0,,,,
1430777116.9138,pg_catalog,pg_proc,3,8073,1193,1619,6,0,0,0,2691,0,168,1508,33,2551,0,0,0,0
1430777116.9138,pg_catalog,pg_shdepend,66,66,7482,1871,0,0,0,0,1,0,45,1914,180,7788,,,,
1430777116.9138,pg_catalog,pg_language,4,16,10,10,0,0,0,0,4,0,2,13,4,18,,,,
1430777116.9138,pg_catalog,pg_range,2,12,2,0,0,0,0,0,6,0,2,1,2,2,,,,
1430777116.9138,pg_catalog,pg_attribute,70,8056,7708,29886,1401,20,1219,3,2491,0,193,13241,57,21309,,,,
1430777116.9138,pg_catalog,pg_database,2573,9906,78303,78257,23,0,22,0,4,0,119,80822,862,95093,,,,
1430777116.9138,pg_catalog,pg_conversion,4,528,0,0,0,0,0,0,132,0,6,9,0,0,,,,
1430777116.9138,pg_catalog,pg_type,3,1093,2394,2035,173,0,151,0,361,0,34,2436,25,5458,,,,
1430777116.9138,pg_catalog,pg_trigger,4,0,0,0,0,0,0,0,0,0,0,0,0,0,0,0,0,0
1430777116.9138,information_schema,sql_implementation_info,1,12,,,0,0,0,0,12,0,2,0,,,0,0,0,0
1430777116.9138,information_schema,sql_languages,1,4,,,0,0,0,0,4,0,2,0,,,0,0,0,0
1430777116.9138,pg_toast,pg_toast_12309,0,0,0,0,0,0,0,0,0,0,0,0,0,0,,,,
1430777116.9138,pg_toast,pg_toast_12334,0,0,0,0,0,0,0,0,0,0,0,0,0,0,,,,
1430777116.9138,pg_catalog,pg_amop,4,1744,882,1072,0,0,0,0,436,0,12,1080,23,1907,,,,
1430777116.9138,pg_toast,pg_toast_1255,0,0,0,0,0,0,0,0,0,0,0,0,0,0,,,,
1430777116.9138,pg_toast,pg_toast_12314,0,0,0,0,0,0,0,0,0,0,0,0,0,0,,,,
1430777116.9138,pg_toast,pg_toast_12324,0,0,0,0,0,0,0,0,0,0,0,0,0,0,,,,
1430777116.9138,pg_catalog,pg_amproc,15,1056,573,827,0,0,0,0,344,0,9,574,9,1271,,,,
1430777116.9138,pg_toast,pg_toast_2964,0,0,0,0,0,0,0,0,0,0,0,0,0,0,,,,
1430777116.9138,pg_catalog,pg_ts_template,3,15,0,0,0,0,0,0,5,0,2,2,0,0,,,,
1430777116.9138,pg_catalog,pg_db_role_setting,66,0,35256,0,0,0,0,0,0,0,0,0,206,35050,0,0,0,0
1430777116.9138,pg_toast,pg_toast_2609,0,0,0,0,0,0,0,0,0,0,0,0,0,0,,,,
1430777116.9138,information_schema,sql_parts,1,9,,,0,0,0,0,9,0,2,0,,,0,0,0,0
1430777116.9138,public,history,1,30000,,,280291,0,0,0,280315,0,5774,265887,,,,,,
1430777116.9138,pg_catalog,pg_class,177,25865,10244,8976,122,324,101,69,316,0,33,11673,34,16287,,,,
1430777116.9138,pg_catalog,pg_seclabel,2,0,252,0,0,0,0,0,0,0,0,0,2,250,0,0,0,0
1430777116.9138,pg_catalog,pg_ts_config_map,2,608,0,0,0,0,0,0,304,0,4,2,0,0,,,,
1430777116.9138,information_schema,sql_sizing,1,23,,,0,0,0,0,23,0,2,0,,,0,0,0,0
1430777116.9138,pg_toast,pg_toast_12339,0,0,0,0,0,0,0,0,0,0,0,0,0,0,,,,
1430777116.9138,information_schema,sql_packages,1,10,,,0,0,0,0,10,0,2,0,,,0,0,0,0
1430777116.9138,public,item,4,400000,2749338,2746698,100000,0,0,0,100000,0,3845,2753219,276,5511366,,,,
1430777116.9138,pg_toast,pg_toast_2606,0,0,0,0,0,0,0,0,0,0,0,0,0,0,,,,
1430777116.9138,pg_catalog,pg_pltemplate,44,352,0,0,0,0,0,0,8,0,44,22,0,0,,,,
1430777116.9138,pg_catalog,pg_auth_members,66,0,0,0,0,0,0,0,0,0,0,0,0,0,,,,
1430777116.9138,pg_catalog,pg_depend,3,20120,2731,2507,348,0,256,0,6672,256,103,3172,39,6884,,,,
1430777116.9138,pg_toast,pg_toast_2604,0,0,0,0,0,0,0,0,0,0,0,0,0,0,,,,
1430777116.9138,pg_catalog,pg_shseclabel,44,0,22,0,0,0,0,0,0,0,0,0,22,0,,,,
1430777116.9138,information_schema,sql_features,1,672,,,0,0,0,0,672,0,14,0,,,0,0,0,0
1430777116.9138,pg_toast,pg_toast_12319,0,0,0,0,0,0,0,0,0,0,0,0,0,0,,,,
1430777116.9138,pg_catalog,pg_description,2,7372,252,0,0,0,0,0,3686,0,64,32,6,501,0,0,0,0
1430777116.9138,pg_catalog,pg_namespace,21,126,1325,1203,0,0,0,0,6,0,3,1222,12,1474,,,,
1430777116.9138,information_schema,sql_sizing_profiles,1,0,,,0,0,0,0,0,0,0,0,,,0,0,0,0
1430777116.9138,pg_catalog,pg_foreign_server,3,0,0,0,0,0,0,0,0,0,0,0,0,0,,,,
1430777176.91703,pg_catalog,pg_operator,3,2295,693,3103,0,0,0,0,765,0,42,2250,20,1542,,,,
1430777176.91703,pg_catalog,pg_extension,3,3,0,0,0,0,0,0,1,0,2,2,0,0,,,,
1430777176.91703,pg_catalog,pg_authid,651,651,14114,14114,0,0,0,0,1,0,200,14587,670,27558,,,,
1430777176.91703,pg_catalog,pg_statistic,2,798,8960,8727,92,1173,0,752,491,111,111,11296,13,19081,73,5028,4,2950
1430777176.91703,pg_catalog,pg_opfamily,3,258,0,0,0,0,0,0,86,0,4,4,0,0,,,,
1430777176.91703,public,new_order,4,36000,520700,491375,303627,0,228930,0,71717,10705,626,2773939,833,4858014,,,,
1430777176.91703,pg_catalog,pg_shdescription,48,141,22,0,0,0,0,0,3,0,45,25,45,0,0,0,0,0
1430777176.91703,pg_catalog,pg_event_trigger,3,0,27,0,0,0,0,0,0,0,0,0,2,25,,,,
1430777176.91703,pg_catalog,pg_user_mapping,3,0,0,0,0,0,0,0,0,0,0,0,0,0,,,,
1430777176.91703,pg_catalog,pg_inherits,3,0,84,0,0,0,0,0,0,0,0,0,2,82,,,,
1430777176.91703,pg_toast,pg_toast_3596,0,0,0,0,0,0,0,0,0,0,0,0,0,0,,,,
1430777176.91703,pg_catalog,pg_rewrite,3,327,65,65,0,0,0,0,109,0,27,82,2,110,51,96,8,266
1430777176.91703,pg_catalog,pg_foreign_data_wrapper,3,0,0,0,0,0,0,0,0,0,0,0,0,0,,,,
1430777176.91703,pg_catalog,pg_largeobject_metadata,2,0,0,0,0,0,0,0,0,0,0,0,0,0,,,,
1430777176.91703,pg_catalog,pg_opclass,15,396,794,10985,0,0,0,0,128,0,9,3885,12,986,,,,
1430777176.91703,pg_catalog,pg_attrdef,3,0,0,0,0,0,0,0,0,0,0,0,0,0,0,0,0,0
1430777176.91703,pg_catalog,pg_default_acl,3,0,59,0,0,0,0,0,0,0,0,0,2,57,,,,
1430777176.91703,public,orders,6,180000,547178,1081351,324627,260350,0,211996,321718,44128,3362,1779885,3993,3627450,,,,
1430777176.91703,pg_catalog,pg_aggregate,2,266,31,31,0,0,0,0,133,0,5,32,2,50,,,,
1430777176.91703,pg_toast,pg_toast_12329,0,0,0,0,0,0,0,0,0,0,0,0,0,0,,,,
1430777176.91703,pg_catalog,pg_ts_dict,3,48,0,0,0,0,0,0,16,0,2,2,0,0,,,,
1430777176.91703,pg_catalog,pg_index,93,6075,2947,3557,27,0,17,0,123,17,13,3213,12,3254,,,,
1430777176.91703,public,warehouse,40618,30612,826949,826949,1,281465,0,276113,1,649,109,6700981,2,832411,,,,
1430777176.91703,public,stock,4,400000,6746479,6205205,100000,3089735,0,0,99697,164208,26439,10161025,795,29600036,,,,
1430777176.91703,pg_catalog,pg_tablespace,135,270,5380,5380,0,0,0,0,2,0,156,5381,300,10522,,,,
1430777176.91703,pg_toast,pg_toast_2619,0,0,2315,6649,576,0,515,0,70,110,73,5028,4,2950,,,,
1430777176.91703,pg_catalog,pg_constraint,5,50,8,0,8,0,0,0,10,0,6,33,8,64,0,0,0,0
1430777176.91703,pg_toast,pg_toast_2618,0,0,107,337,0,0,0,0,0,0,51,96,4,133,,,,
1430777176.91703,pg_catalog,pg_cast,3,594,4615,973,0,0,0,0,198,0,6,975,6,4702,,,,
1430777176.91703,public,district,83697,768450,1127206,1127206,10,576092,0,574378,10,180,89,4393422,2,1128993,,,,
1430777176.91703,public,order_line,4,1138512,573558,6283608,3374363,2723175,0,1757665,3330141,353079,57761,11326994,24295,14018539,,,,
1430777176.91703,pg_catalog,pg_ts_config,3,48,0,0,0,0,0,0,16,0,2,2,0,0,,,,
1430777176.91703,pg_catalog,pg_ts_parser,3,3,0,0,0,0,0,0,1,0,2,2,0,0,,,,
1430777176.91703,pg_toast,pg_toast_2620,0,0,0,0,0,0,0,0,0,0,0,0,0,0,,,,
1430777176.91703,pg_toast,pg_toast_2396,0,0,0,0,0,0,0,0,0,0,0,0,0,0,,,,
1430777176.91703,pg_catalog,pg_largeobject,2,0,0,0,0,0,0,0,0,0,0,0,0,0,,,,
1430777176.91703,pg_catalog,pg_enum,4,0,0,0,0,0,0,0,0,0,0,0,0,0,,,,
1430777176.91703,pg_catalog,pg_foreign_table,2,0,0,0,0,0,0,0,0,0,0,0,0,0,,,,
1430777176.91703,public,customer,6,180000,1328684,3304894,30000,541815,0,516930,30000,6718,7595,4203470,407,2991645,,,,
1430777176.91703,pg_catalog,pg_collation,3,1806,0,0,0,0,0,0,602,0,38,38,0,0,,,,
1430777176.91703,pg_catalog,pg_am,155,167,0,0,0,0,0,0,5,0,3,153,0,0,,,,
1430777176.91703,pg_catalog,pg_proc,3,8073,1271,1732,6,0,0,0,2691,0,168,1601,33,2717,0,0,0,0
1430777176.91703,pg_catalog,pg_shdepend,66,66,7482,1871,0,0,0,0,1,0,45,1914,180,7788,,,,
1430777176.91703,pg_catalog,pg_language,4,16,10,10,0,0,0,0,4,0,2,13,4,18,,,,
1430777176.91703,pg_catalog,pg_range,2,12,2,0,0,0,0,0,6,0,2,1,2,2,,,,
1430777176.91703,pg_catalog,pg_attribute,70,8056,8240,32022,1401,20,1219,3,2491,0,193,13927,57,22382,,,,
1430777176.91703,pg_catalog,pg_database,2576,9918,78338,78292,23,0,22,0,4,0,119,80860,862,95142,,,,
1430777176.91703,pg_catalog,pg_conversion,4,528,0,0,0,0,0,0,132,0,6,9,0,0,,,,
1430777176.91703,pg_catalog,pg_type,3,1093,2493,2134,173,0,151,0,361,0,34,2535,25,5662,,,,
1430777176.91703,pg_catalog,pg_trigger,4,0,0,0,0,0,0,0,0,0,0,0,0,0,0,0,0,0
1430777176.91703,information_schema,sql_implementation_info,1,12,,,0,0,0,0,12,0,2,0,,,0,0,0,0
1430777176.91703,information_schema,sql_languages,1,4,,,0,0,0,0,4,0,2,0,,,0,0,0,0
1430777176.91703,pg_toast,pg_toast_12309,0,0,0,0,0,0,0,0,0,0,0,0,0,0,,,,
1430777176.91703,pg_toast,pg_toast_12334,0,0,0,0,0,0,0,0,0,0,0,0,0,0,,,,
1430777176.91703,pg_catalog,pg_amop,4,1744,939,1138,0,0,0,0,436,0,12,1146,23,2031,,,,
1430777176.91703,pg_toast,pg_toast_1255,0,0,0,0,0,0,0,0,0,0,0,0,0,0,,,,
1430777176.91703,pg_toast,pg_toast_12314,0,0,0,0,0,0,0,0,0,0,0,0,0,0,,,,
1430777176.91703,pg_toast,pg_toast_12324,0,0,0,0,0,0,0,0,0,0,0,0,0,0,,,,
1430777176.91703,pg_catalog,pg_amproc,15,1056,602,865,0,0,0,0,344,0,9,600,9,1336,,,,
1430777176.91703,pg_toast,pg_toast_2964,0,0,0,0,0,0,0,0,0,0,0,0,0,0,,,,
1430777176.91703,pg_catalog,pg_ts_template,3,15,0,0,0,0,0,0,5,0,2,2,0,0,,,,
1430777176.91703,pg_catalog,pg_db_role_setting,66,0,35284,0,0,0,0,0,0,0,0,0,206,35078,0,0,0,0
1430777176.91703,pg_toast,pg_toast_2609,0,0,0,0,0,0,0,0,0,0,0,0,0,0,,,,
1430777176.91703,information_schema,sql_parts,1,9,,,0,0,0,0,9,0,2,0,,,0,0,0,0
1430777176.91703,public,history,1,30000,,,311465,0,0,0,311521,0,6451,300868,,,,,,
1430777176.91703,pg_catalog,pg_class,187,28726,11061,9670,122,324,101,69,316,0,33,12469,34,17246,,,,
1430777176.91703,pg_catalog,pg_seclabel,2,0,252,0,0,0,0,0,0,0,0,0,2,250,0,0,0,0
1430777176.91703,pg_catalog,pg_ts_config_map,2,608,0,0,0,0,0,0,304,0,4,2,0,0,,,,
1430777176.91703,information_schema,sql_sizing,1,23,,,0,0,0,0,23,0,2,0,,,0,0,0,0
1430777176.91703,pg_toast,pg_toast_12339,0,0,0,0,0,0,0,0,0,0,0,0,0,0,,,,
1430777176.91703,information_schema,sql_packages,1,10,,,0,0,0,0,10,0,2,0,,,0,0,0,0
1430777176.91703,public,item,4,400000,3092726,3089737,100000,0,0,0,100000,0,3845,3096258,276,6199695,,,,
1430777176.91703,pg_toast,pg_toast_2606,0,0,0,0,0,0,0,0,0,0,0,0,0,0,,,,
1430777176.91703,pg_catalog,pg_pltemplate,44,352,0,0,0,0,0,0,8,0,44,22,0,0,,,,
1430777176.91703,pg_catalog,pg_auth_members,66,0,0,0,0,0,0,0,0,0,0,0,0,0,,,,
1430777176.91703,pg_catalog,pg_depend,3,20120,2731,2507,348,0,256,0,6672,256,103,3172,39,6884,,,,
1430777176.91703,pg_toast,pg_toast_2604,0,0,0,0,0,0,0,0,0,0,0,0,0,0,,,,
1430777176.91703,pg_catalog,pg_shseclabel,44,0,22,0,0,0,0,0,0,0,0,0,22,0,,,,
1430777176.91703,information_schema,sql_features,1,672,,,0,0,0,0,672,0,14,0,,,0,0,0,0
1430777176.91703,pg_toast,pg_toast_12319,0,0,0,0,0,0,0,0,0,0,0,0,0,0,,,,
1430777176.91703,pg_catalog,pg_description,2,7372,252,0,0,0,0,0,3686,0,64,32,6,501,0,0,0,0
1430777176.91703,pg_catalog,pg_namespace,23,138,1464,1337,0,0,0,0,6,0,3,1358,12,1621,,,,
1430777176.91703,information_schema,sql_sizing_profiles,1,0,,,0,0,0,0,0,0,0,0,,,0,0,0,0
1430777176.91703,pg_catalog,pg_foreign_server,3,0,0,0,0,0,0,0,0,0,0,0,0,0,,,,
1430777236.91135,pg_catalog,pg_operator,3,2295,718,3128,0,0,0,0,765,0,42,2275,20,1603,,,,
1430777236.91135,pg_catalog,pg_extension,3,3,0,0,0,0,0,0,1,0,2,2,0,0,,,,
1430777236.91135,pg_catalog,pg_authid,652,652,14125,14125,0,0,0,0,1,0,200,14599,670,27580,,,,
1430777236.91135,pg_catalog,pg_statistic,2,798,9758,9519,92,1243,0,820,491,121,111,12166,13,20688,73,5569,4,3227
1430777236.91135,pg_catalog,pg_opfamily,3,258,0,0,0,0,0,0,86,0,4,4,0,0,,,,
1430777236.91135,public,new_order,4,36000,577180,544653,336057,0,253860,0,78863,13942,636,3114817,879,5377370,,,,
1430777236.91135,pg_catalog,pg_shdescription,48,141,22,0,0,0,0,0,3,0,45,25,45,0,0,0,0,0
1430777236.91135,pg_catalog,pg_event_trigger,3,0,27,0,0,0,0,0,0,0,0,0,2,25,,,,
1430777236.91135,pg_catalog,pg_user_mapping,3,0,0,0,0,0,0,0,0,0,0,0,0,0,,,,
1430777236.91135,pg_catalog,pg_inherits,3,0,84,0,0,0,0,0,0,0,0,0,2,82,,,,
1430777236.91135,pg_toast,pg_toast_3596,0,0,0,0,0,0,0,0,0,0,0,0,0,0,,,,
1430777236.91135,pg_catalog,pg_rewrite,3,327,73,73,0,0,0,0,109,0,27,90,2,124,51,103,8,282
1430777236.91135,pg_catalog,pg_foreign_data_wrapper,3,0,0,0,0,0,0,0,0,0,0,0,0,0,,,,
1430777236.91135,pg_catalog,pg_largeobject_metadata,2,0,0,0,0,0,0,0,0,0,0,0,0,0,,,,
1430777236.91135,pg_catalog,pg_opclass,15,396,829,11526,0,0,0,0,128,0,9,4072,12,1031,,,,
1430777236.91135,pg_catalog,pg_attrdef,3,0,0,0,0,0,0,0,0,0,0,0,0,0,0,0,0,0
1430777236.91135,pg_catalog,pg_default_acl,3,0,59,0,0,0,0,0,0,0,0,0,2,57,,,,
1430777236.91135,public,orders,6,180000,606454,1254406,357057,288590,0,235140,353854,50030,3654,2029465,4394,4033348,,,,
1430777236.91135,pg_catalog,pg_aggregate,2,266,32,32,0,0,0,0,133,0,5,33,2,52,,,,
1430777236.91135,pg_toast,pg_toast_12329,0,0,0,0,0,0,0,0,0,0,0,0,0,0,,,,
1430777236.91135,pg_catalog,pg_ts_dict,3,48,0,0,0,0,0,0,16,0,2,2,0,0,,,,
1430777236.91135,pg_catalog,pg_index,98,6690,3121,3779,27,0,17,0,123,17,13,3402,12,3440,,,,
1430777236.91135,public,warehouse,40618,30612,920917,920917,1,312234,0,306288,1,706,109,7416576,2,926984,,,,
1430777236.91135,public,stock,4,400000,7482335,6887878,100000,3429753,0,0,99849,206386,26439,11281275,795,32839382,,,,
1430777236.91135,pg_catalog,pg_tablespace,135,270,5385,5385,0,0,0,0,2,0,156,5386,300,10532,,,,
1430777236.91135,pg_toast,pg_toast_2619,0,0,2536,7297,630,0,569,0,70,54,73,5569,4,3227,,,,
1430777236.91135,pg_catalog,pg_constraint,5,50,8,0,8,0,0,0,10,0,6,33,8,64,0,0,0,0
1430777236.91135,pg_toast,pg_toast_2618,0,0,112,353,0,0,0,0,0,0,51,103,4,141,,,,
1430777236.91135,pg_catalog,pg_cast,3,594,4827,1027,0,0,0,0,198,0,6,1029,6,4921,,,,
1430777236.91135,public,district,83697,768450,1259004,1259004,10,639291,0,637364,10,208,89,4813610,2,1261015,,,,
1430777236.91135,public,order_line,4,1138512,635597,6961014,3714381,3019303,0,1889987,3688936,579975,63596,12814031,26808,15727385,,,,
1430777236.91135,pg_catalog,pg_ts_config,3,48,0,0,0,0,0,0,16,0,2,2,0,0,,,,
1430777236.91135,pg_catalog,pg_ts_parser,3,3,0,0,0,0,0,0,1,0,2,2,0,0,,,,
1430777236.91135,pg_toast,pg_toast_2620,0,0,0,0,0,0,0,0,0,0,0,0,0,0,,,,
1430777236.91135,pg_toast,pg_toast_2396,0,0,0,0,0,0,0,0,0,0,0,0,0,0,,,,
1430777236.91135,pg_catalog,pg_largeobject,2,0,0,0,0,0,0,0,0,0,0,0,0,0,,,,
1430777236.91135,pg_catalog,pg_enum,4,0,0,0,0,0,0,0,0,0,0,0,0,0,,,,
1430777236.91135,pg_catalog,pg_foreign_table,2,0,0,0,0,0,0,0,0,0,0,0,0,0,,,,
1430777236.91135,public,customer,6,180000,1473862,3655530,30000,600824,0,573722,29997,3777,7615,4658391,408,3316350,,,,
1430777236.91135,pg_catalog,pg_collation,3,1806,0,0,0,0,0,0,602,0,38,38,0,0,,,,
1430777236.91135,pg_catalog,pg_am,160,172,0,0,0,0,0,0,5,0,3,158,0,0,,,,
1430777236.91135,pg_catalog,pg_proc,3,8073,1355,1858,6,0,0,0,2691,0,168,1703,33,2897,0,0,0,0
1430777236.91135,pg_catalog,pg_shdepend,66,66,7482,1871,0,0,0,0,1,0,45,1914,180,7788,,,,
1430777236.91135,pg_catalog,pg_language,4,16,10,10,0,0,0,0,4,0,2,13,4,18,,,,
1430777236.91135,pg_catalog,pg_range,2,12,2,0,0,0,0,0,6,0,2,1,2,2,,,,
1430777236.91135,pg_catalog,pg_attribute,70,8056,8744,34191,1401,20,1219,3,2491,0,193,14567,57,23397,,,,
1430777236.91135,pg_catalog,pg_database,2579,9930,78374,78328,23,0,22,0,4,0,119,80899,862,95192,,,,
1430777236.91135,pg_catalog,pg_conversion,4,528,0,0,0,0,0,0,132,0,6,9,0,0,,,,
1430777236.91135,pg_catalog,pg_type,3,1093,2612,2253,173,0,151,0,361,0,34,2654,25,5907,,,,
1430777236.91135,pg_catalog,pg_trigger,4,0,0,0,0,0,0,0,0,0,0,0,0,0,0,0,0,0
1430777236.91135,information_schema,sql_implementation_info,1,12,,,0,0,0,0,12,0,2,0,,,0,0,0,0
1430777236.91135,information_schema,sql_languages,1,4,,,0,0,0,0,4,0,2,0,,,0,0,0,0
1430777236.91135,pg_toast,pg_toast_12309,0,0,0,0,0,0,0,0,0,0,0,0,0,0,,,,
1430777236.91135,pg_toast,pg_toast_12334,0,0,0,0,0,0,0,0,0,0,0,0,0,0,,,,
1430777236.91135,pg_catalog,pg_amop,4,1744,1006,1216,0,0,0,0,436,0,12,1224,23,2177,,,,
1430777236.91135,pg_toast,pg_toast_1255,0,0,0,0,0,0,0,0,0,0,0,0,0,0,,,,
1430777236.91135,pg_toast,pg_toast_12314,0,0,0,0,0,0,0,0,0,0,0,0,0,0,,,,
1430777236.91135,pg_toast,pg_toast_12324,0,0,0,0,0,0,0,0,0,0,0,0,0,0,,,,
1430777236.91135,pg_catalog,pg_amproc,15,1056,632,902,0,0,0,0,344,0,9,627,9,1401,,,,
1430777236.91135,pg_toast,pg_toast_2964,0,0,0,0,0,0,0,0,0,0,0,0,0,0,,,,
1430777236.91135,pg_catalog,pg_ts_template,3,15,0,0,0,0,0,0,5,0,2,2,0,0,,,,
1430777236.91135,pg_catalog,pg_db_role_setting,66,0,35312,0,0,0,0,0,0,0,0,0,206,35106,0,0,0,0
1430777236.91135,pg_toast,pg_toast_2609,0,0,0,0,0,0,0,0,0,0,0,0,0,0,,,,
1430777236.91135,information_schema,sql_parts,1,9,,,0,0,0,0,9,0,2,0,,,0,0,0,0
1430777236.91135,public,history,1,30000,,,342234,0,0,0,342290,0,6800,332335,,,,,,
1430777236.91135,pg_catalog,pg_class,198,31903,11840,10326,122,324,101,69,316,0,33,13234,34,18160,,,,
1430777236.91135,pg_catalog,pg_seclabel,2,0,252,0,0,0,0,0,0,0,0,0,2,250,0,0,0,0
1430777236.91135,pg_catalog,pg_ts_config_map,2,608,0,0,0,0,0,0,304,0,4,2,0,0,,,,
1430777236.91135,information_schema,sql_sizing,1,23,,,0,0,0,0,23,0,2,0,,,0,0,0,0
1430777236.91135,pg_toast,pg_toast_12339,0,0,0,0,0,0,0,0,0,0,0,0,0,0,,,,
1430777236.91135,information_schema,sql_packages,1,10,,,0,0,0,0,10,0,2,0,,,0,0,0,0
1430777236.91135,public,item,4,400000,3433058,3429755,100000,0,0,0,100000,0,3845,3436276,276,6881956,,,,
1430777236.91135,pg_toast,pg_toast_2606,0,0,0,0,0,0,0,0,0,0,0,0,0,0,,,,
1430777236.91135,pg_catalog,pg_pltemplate,44,352,0,0,0,0,0,0,8,0,44,22,0,0,,,,
1430777236.91135,pg_catalog,pg_auth_members,66,0,0,0,0,0,0,0,0,0,0,0,0,0,,,,
1430777236.91135,pg_catalog,pg_depend,3,20120,2731,2507,348,0,256,0,6672,256,103,3172,39,6884,,,,
1430777236.91135,pg_toast,pg_toast_2604,0,0,0,0,0,0,0,0,0,0,0,0,0,0,,,,
1430777236.91135,pg_catalog,pg_shseclabel,44,0,22,0,0,0,0,0,0,0,0,0,22,0,,,,
1430777236.91135,information_schema,sql_features,1,672,,,0,0,0,0,672,0,14,0,,,0,0,0,0
1430777236.91135,pg_toast,pg_toast_12319,0,0,0,0,0,0,0,0,0,0,0,0,0,0,,,,
1430777236.91135,pg_catalog,pg_description,2,7372,252,0,0,0,0,0,3686,0,64,32,6,501,0,0,0,0
1430777236.91135,pg_catalog,pg_namespace,25,150,1607,1474,0,0,0,0,6,0,3,1497,12,1773,,,,
1430777236.91135,information_schema,sql_sizing_profiles,1,0,,,0,0,0,0,0,0,0,0,,,0,0,0,0
1430777236.91135,pg_catalog,pg_foreign_server,3,0,0,0,0,0,0,0,0,0,0,0,0,0,,,,
1430777296.93833,pg_catalog,pg_operator,0,0,2,2,0,0,0,0,0,0,1,1,6,0,,,,
1430777296.93833,pg_catalog,pg_extension,0,0,0,0,0,0,0,0,0,0,0,0,0,0,,,,
1430777296.93833,pg_catalog,pg_authid,653,653,14135,14135,0,0,0,0,1,0,200,14610,670,27600,,,,
1430777296.93833,public,history,0,0,,,60000,0,0,0,60000,0,645,1282,,,,,,
1430777296.93833,pg_catalog,pg_statistic,0,0,1,1,0,0,0,0,0,0,1,0,3,0,0,0,0,0
1430777296.93833,pg_catalog,pg_opfamily,0,0,0,0,0,0,0,0,0,0,0,0,0,0,,,,
1430777296.93833,pg_catalog,pg_shdescription,48,141,22,0,0,0,0,0,3,0,45,25,45,0,0,0,0,0
1430777296.93833,pg_catalog,pg_event_trigger,0,0,24,0,0,0,0,0,0,0,0,0,1,23,,,,
1430777296.93833,pg_catalog,pg_user_mapping,0,0,0,0,0,0,0,0,0,0,0,0,0,0,,,,
1430777296.93833,pg_catalog,pg_inherits,0,0,0,0,0,0,0,0,0,0,0,0,0,0,,,,
1430777296.93833,pg_toast,pg_toast_3596,0,0,0,0,0,0,0,0,0,0,0,0,0,0,,,,
1430777296.93833,pg_catalog,pg_rewrite,0,0,0,0,0,0,0,0,0,0,0,0,0,0,0,0,0,0
1430777296.93833,pg_catalog,pg_foreign_data_wrapper,0,0,0,0,0,0,0,0,0,0,0,0,0,0,,,,
1430777296.93833,pg_catalog,pg_largeobject_metadata,0,0,0,0,0,0,0,0,0,0,0,0,0,0,,,,
1430777296.93833,pg_catalog,pg_opclass,2,2,114,1318,0,0,0,0,0,0,3,449,4,156,,,,
1430777296.93833,pg_catalog,pg_attrdef,0,0,0,0,0,0,0,0,0,0,0,0,0,0,0,0,0,0
1430777296.93833,pg_catalog,pg_default_acl,0,0,50,0,0,0,0,0,0,0,0,0,1,49,,,,
1430777296.93833,pg_catalog,pg_aggregate,0,0,0,0,0,0,0,0,0,0,0,0,0,0,,,,
1430777296.93833,pg_toast,pg_toast_12329,0,0,0,0,0,0,0,0,0,0,0,0,0,0,,,,
1430777296.93833,pg_catalog,pg_ts_dict,0,0,0,0,0,0,0,0,0,0,0,0,0,0,,,,
1430777296.93833,pg_catalog,pg_index,7,7,336,467,10,0,0,0,10,0,7,385,4,413,,,,
1430777296.93833,public,item,2,200000,0,0,100000,0,0,0,100000,0,1283,5240,0,0,,,,
1430777296.93833,pg_catalog,pg_tablespace,135,270,5390,5390,0,0,0,0,2,0,156,5391,300,10542,,,,
1430777296.93833,pg_toast,pg_toast_2619,0,0,0,0,0,0,0,0,0,0,0,0,0,0,,,,
1430777296.93833,pg_catalog,pg_constraint,0,0,8,0,8,0,0,0,8,0,5,28,8,64,0,0,0,0
1430777296.93833,pg_toast,pg_toast_2618,0,0,0,0,0,0,0,0,0,0,0,0,0,0,,,,
1430777296.93833,pg_catalog,pg_cast,0,0,178,75,0,0,0,0,0,0,2,73,2,187,,,,
1430777296.93833,pg_catalog,pg_ts_config,0,0,0,0,0,0,0,0,0,0,0,0,0,0,,,,
1430777296.93833,pg_catalog,pg_ts_parser,0,0,0,0,0,0,0,0,0,0,0,0,0,0,,,,
1430777296.93833,pg_toast,pg_toast_2620,0,0,0,0,0,0,0,0,0,0,0,0,0,0,,,,
1430777296.93833,pg_toast,pg_toast_2396,0,0,0,0,0,0,0,0,0,0,0,0,0,0,,,,
1430777296.93833,public,new_order,2,36000,0,0,18000,0,0,0,18000,0,100,388,0,0,,,,
1430777296.93833,pg_catalog,pg_largeobject,0,0,0,0,0,0,0,0,0,0,0,0,0,0,,,,
1430777296.93833,pg_catalog,pg_enum,0,0,0,0,0,0,0,0,0,0,0,0,0,0,,,,
1430777296.93833,pg_catalog,pg_foreign_table,0,0,0,0,0,0,0,0,0,0,0,0,0,0,,,,
1430777296.93833,pg_catalog,pg_collation,0,0,0,0,0,0,0,0,0,0,0,0,0,0,,,,
1430777296.93833,pg_catalog,pg_am,46,46,0,0,0,0,0,0,0,0,1,45,0,0,,,,
1430777296.93833,pg_catalog,pg_proc,0,0,22,10,6,0,0,0,6,0,10,33,14,67,0,0,0,0
1430777296.93833,pg_catalog,pg_shdepend,66,66,7482,1871,0,0,0,0,1,0,45,1914,180,7788,,,,
1430777296.93833,pg_catalog,pg_language,1,4,10,10,0,0,0,0,0,0,1,10,4,18,,,,
1430777296.93833,public,district,2,40,0,0,20,0,0,0,20,0,1,2,0,0,,,,
1430777296.93833,pg_catalog,pg_range,0,0,0,0,0,0,0,0,0,0,0,0,0,0,,,,
1430777296.93833,public,stock,2,400000,0,0,200000,0,0,0,200000,0,21964,21514,0,0,,,,
1430777296.93833,pg_catalog,pg_attribute,11,75,435,1711,182,20,0,4,182,20,28,934,9,1711,,,,
1430777296.93833,pg_catalog,pg_database,2581,9938,78407,78361,23,0,22,0,4,0,119,80934,862,95237,,,,
1430777296.93833,public,warehouse,2,4,0,0,2,0,0,0,2,0,1,2,0,0,,,,
1430777296.93833,pg_catalog,pg_conversion,0,0,0,0,0,0,0,0,0,0,0,0,0,0,,,,
1430777296.93833,pg_catalog,pg_type,0,0,197,149,22,0,0,0,22,0,9,201,8,524,,,,
1430777296.93833,pg_catalog,pg_trigger,0,0,0,0,0,0,0,0,0,0,0,0,0,0,0,0,0,0
1430777296.93833,information_schema,sql_implementation_info,0,0,,,0,0,0,0,0,0,0,0,,,0,0,0,0
1430777296.93833,information_schema,sql_languages,0,0,,,0,0,0,0,0,0,0,0,,,0,0,0,0
1430777296.93833,pg_toast,pg_toast_12309,0,0,0,0,0,0,0,0,0,0,0,0,0,0,,,,
1430777296.93833,pg_toast,pg_toast_12334,0,0,0,0,0,0,0,0,0,0,0,0,0,0,,,,
1430777296.93833,pg_catalog,pg_amop,0,0,2,3,0,0,0,0,0,0,2,1,6,0,,,,
1430777296.93833,pg_toast,pg_toast_1255,0,0,0,0,0,0,0,0,0,0,0,0,0,0,,,,
1430777296.93833,pg_toast,pg_toast_12314,0,0,0,0,0,0,0,0,0,0,0,0,0,0,,,,
1430777296.93833,pg_toast,pg_toast_12324,0,0,0,0,0,0,0,0,0,0,0,0,0,0,,,,
1430777296.93833,public,customer,3,180000,0,0,60000,0,0,0,60000,0,11852,16454,0,0,,,,
1430777296.93833,pg_catalog,pg_amproc,2,4,74,144,0,0,0,0,0,0,3,77,3,181,,,,
1430777296.93833,pg_toast,pg_toast_2964,0,0,0,0,0,0,0,0,0,0,0,0,0,0,,,,
1430777296.93833,pg_catalog,pg_ts_template,0,0,0,0,0,0,0,0,0,0,0,0,0,0,,,,
1430777296.93833,public,orders,3,180000,0,0,60000,0,0,0,60000,0,485,2411,0,0,,,,
1430777296.93833,pg_catalog,pg_db_role_setting,66,0,35336,0,0,0,0,0,0,0,0,0,206,35130,0,0,0,0
1430777296.93833,pg_toast,pg_toast_2609,0,0,0,0,0,0,0,0,0,0,0,0,0,0,,,,
1430777296.93833,information_schema,sql_parts,0,0,,,0,0,0,0,0,0,0,0,,,0,0,0,0
1430777296.93833,pg_catalog,pg_class,11,11,514,453,21,0,0,0,21,0,12,589,14,1228,,,,
1430777296.93833,pg_catalog,pg_seclabel,0,0,0,0,0,0,0,0,0,0,0,0,0,0,0,0,0,0
1430777296.93833,pg_catalog,pg_ts_config_map,0,0,0,0,0,0,0,0,0,0,0,0,0,0,,,,
1430777296.93833,information_schema,sql_sizing,0,0,,,0,0,0,0,0,0,0,0,,,0,0,0,0
1430777296.93833,pg_toast,pg_toast_12339,0,0,0,0,0,0,0,0,0,0,0,0,0,0,,,,
1430777296.93833,information_schema,sql_packages,0,0,,,0,0,0,0,0,0,0,0,,,0,0,0,0
1430777296.93833,pg_toast,pg_toast_2606,0,0,0,0,0,0,0,0,0,0,0,0,0,0,,,,
1430777296.93833,pg_catalog,pg_pltemplate,44,352,0,0,0,0,0,0,8,0,44,22,0,0,,,,
1430777296.93833,pg_catalog,pg_auth_members,66,0,0,0,0,0,0,0,0,0,0,0,0,0,,,,
1430777296.93833,pg_catalog,pg_depend,0,0,353,322,92,0,0,0,92,0,12,483,17,1108,,,,
1430777296.93833,pg_toast,pg_toast_2604,0,0,0,0,0,0,0,0,0,0,0,0,0,0,,,,
1430777296.93833,pg_catalog,pg_shseclabel,44,0,22,0,0,0,0,0,0,0,0,0,22,0,,,,
1430777296.93833,information_schema,sql_features,0,0,,,0,0,0,0,0,0,0,0,,,0,0,0,0
1430777296.93833,pg_toast,pg_toast_12319,0,0,0,0,0,0,0,0,0,0,0,0,0,0,,,,
1430777296.93833,pg_catalog,pg_description,0,0,0,0,0,0,0,0,0,0,0,0,0,0,0,0,0,0
1430777296.93833,pg_catalog,pg_namespace,0,0,96,61,0,0,0,0,0,0,1,60,4,138,,,,
1430777296.93833,public,order_line,2,1137160,0,0,568580,0,0,0,568580,0,16935,18163,0,0,,,,
1430777296.93833,information_schema,sql_sizing_profiles,0,0,,,0,0,0,0,0,0,0,0,,,0,0,0,0
1430777296.93833,pg_catalog,pg_foreign_server,0,0,0,0,0,0,0,0,0,0,0,0,0,0,,,,
